tag,period_ns,achieved_ns,slack_ns,met,area_um2,sim_period_ns,gate_pass,gate_fail,gate_skip,gate_status,dc_estimate_dynamic_mW,dc_estimate_leakage_mW,dyn_mW_08_multiplier,leak_mW_08_multiplier,total_mW_08_multiplier,saif_cov_08_multiplier,dyn_mW_20_power_bench,leak_mW_20_power_bench,total_mW_20_power_bench,saif_cov_20_power_bench
1p0,1,1.4096,-0.4096,0,27888.24,1.4099999999999999,22,0,1,pass,9.5552,0.5396,5.5656,0.5594875,6.1250875,100.00,6.0502,0.5559195,6.6061195,100.00
1p05,1.05,1.4565,-0.4065,0,27206.21,1.46,22,0,1,pass,8.8860,0.5247,5.3647,0.5495006,5.9142006,100.00,5.8211,0.5436514,6.3647514,100.00
1p1,1.1,1.4953,-0.3953,0,27079.33,1.5,22,0,1,pass,8.8876,0.5273,5.1902,0.5489287,5.7391287,100.00,5.6203,0.5427819,6.1630819,100.00
1p15,1.15,1.4817,-0.3317,0,26981.44,1.49,22,0,1,pass,8.1676,0.5132,5.2554,0.5378318,5.7932318,100.00,5.7197,0.5332745,6.2529745,100.00
1p2,1.2,1.4959,-0.2959,0,26806.68,1.5,22,0,1,pass,7.7869,0.5110,5.2033,0.5339979,5.7372979,100.00,5.666,0.5294656,6.1954656,100.00
1p25,1.25,1.5741,-0.3241,0,26574.20,1.5800000000000001,22,0,1,pass,7.4187,0.5054,4.9469,0.5289222,5.4758222,100.00,5.3705,0.5240284,5.8945284,100.00
1p3,1.3,1.6347,-0.3347,0,26762.26,1.6399999999999999,22,0,1,pass,7.2315,0.5068,4.7584,0.528855,5.287255,100.00,5.1855,0.5243377,5.7098377,100.00
1p35,1.35,1.5894,-0.2394,0,26722.36,1.5900000000000001,22,0,1,pass,6.8937,0.5065,4.9098,0.5301537,5.4399537,100.00,5.3345,0.5260801,5.8605801,100.00
1p4,1.4,1.5717,-0.1717,0,26263.78,1.5800000000000001,22,0,1,pass,6.6476,0.4994,4.9469,0.5236331,5.4705331,100.00,5.3622,0.5192919,5.8814919,100.00
1p45,1.45,1.5644,-0.1144,0,26273.62,1.5700000000000001,22,0,1,pass,6.4101,0.4997,4.9692,0.5231022,5.4923022,100.00,5.4105,0.5203458,5.9308458,100.00
1p5,1.5,1.5881,-0.0881,0,26332.14,1.5900000000000001,22,0,1,pass,6.2136,0.5013,4.9054,0.5191569,5.4245569,100.00,5.3201,0.5185264,5.8386264,100.00
1p55,1.55,1.5817,-0.0317,0,26253.40,1.5900000000000001,22,0,1,pass,5.9534,0.5045,4.9012,0.5217534,5.4229534,100.00,5.3304,0.5211339,5.8515339,100.00
1p6,1.6,1.6000,0.0000,1,25895.10,1.6000000000000001,22,0,1,pass,5.7477,0.4899,4.8876,0.5123301,5.3999301,100.00,5.3031,0.509138,5.812238,100.00
1p7,1.7,1.6998,0.0002,1,25498.76,1.7,22,0,1,pass,5.4442,0.4782,4.5862,0.5005483,5.0867483,100.00,4.9637,0.4972733,5.4609733,100.00
1p8,1.8,1.7997,0.0003,1,25405.66,1.8,22,0,1,pass,5.1560,0.4770,4.3223,0.4983077,4.8206077,100.00,4.6688,0.4948992,5.1636992,100.00
1p9,1.9,1.8999,0.0001,1,25334.90,1.8999999999999999,22,0,1,pass,4.8748,0.4745,4.1098,0.4961089,4.6059089,100.00,4.4234,0.4928481,4.9162481,100.00
2p0,2,1.9971,0.0029,1,25131.15,2.0,22,0,1,pass,4.6277,0.4689,3.8829,0.4913928,4.3742928,100.00,4.1959,0.4882726,4.6841726,100.00
2p5,2.5,2.4990,0.0010,1,23494.45,2.5,22,0,1,pass,3.6835,0.4362,3.1179,0.45975,3.57765,100.00,3.3634,0.4558265,3.8192265,100.00
3p0,3,2.9990,0.0010,1,23395.23,3.0,22,0,1,pass,3.0742,0.4335,2.6023,0.4569343,3.0592343,100.00,2.8049,0.4530017,3.2579017,100.00
3p5,3.5,3.4961,0.0039,1,23353.47,3.5,22,0,1,pass,2.6207,0.4323,2.2287,0.4558177,2.6845177,100.00,2.4025,0.451836,2.854336,100.00
4p0,4,3.9838,0.0162,1,23322.88,3.9900000000000002,22,0,1,pass,2.3051,0.4317,1.9543,0.4552198,2.4095198,100.00,2.1075,0.4512368,2.5587368,100.00
