test,mode,verdict,cycles,note
01_alu_rtype,ff,PASS,70,""
02_alu_immediate,ff,PASS,60,""
03_set_compare,ff,PASS,101,""
04_r0_source,ff,PASS,9,""
05_r0_writeback,ff,PASS,8,""
06_forwarding,ff,PASS,56,""
07_load_use,ff,PASS,48,""
07_load_use,fs,PASS,106,""
08_multiplier,ff,PASS,79,""
09_mult_parallel,ff,PASS,78,""
10_branches,ff,PASS,173,""
11_btb_predictor,ff,PASS,379,""
11_btb_predictor,cf,XFAIL,,"xfail: redirect during an I-cache refill, see README"
12_memory_access,ff,PASS,59,""
12_memory_access,fs,PASS,159,""
13_exceptions_min,ff,PASS,180,""
14_exceptions_full,ff,PASS,365,""
15_smoke_crosscheck,ff,PASS,15,""
15_smoke_crosscheck,fs,PASS,24,""
15_smoke_crosscheck,cf,PASS,36,""
15_smoke_crosscheck,cs,PASS,44,""
16_jal_return,ff,PASS,11,""
16_jal_return,cf,XFAIL,17,"xfail: redirect during an I-cache refill, see README"
17_given_branch_loop,ff,PASS,707,""
17_given_branch_loop,fs,PASS,1307,""
18_given_mult_shift,ff,PASS,35,""
19_given_all_general,ff,PASS,115,""
20_power_bench,ff,PASS,2819,""
21_store_subword,ff,PASS,76,""
21_store_subword,fs,PASS,178,""
22_branch_operand_hazard,ff,PASS,73,""
23_misaligned_jump_repeat,ff,PASS,78,""
24_mac_loops,ff,PASS,4283,""
