tag,period_ns,achieved_ns,slack_ns,met,area_um2,dynamic_power,leakage_power
1p0,1,1.5055,-0.5055,0,27179.35,9.153400e-03,5.236404e-04
1p1,1.1,1.5472,-0.4472,0,26723.96,8.160300e-03,5.135379e-04
1p2,1.2,1.5024,-0.3024,0,27186.53,7.865700e-03,5.357502e-04
1p3,1.3,1.5648,-0.2648,0,26777.16,7.100400e-03,5.134173e-04
1p4,1.4,1.6342,-0.2342,0,26585.64,6.611900e-03,5.150621e-04
1p5,1.5,1.5305,-0.0305,0,26754.81,6.272700e-03,5.124446e-04
1p6,1.6,1.6045,-0.0045,0,25856.80,5.682300e-03,4.867945e-04
1p7,1.7,1.6999,0.0001,1,25605.16,5.309300e-03,4.816641e-04
1p8,1.8,1.7992,0.0008,1,25193.39,4.972200e-03,4.726731e-04
1p9,1.9,1.8994,0.0006,1,25093.91,4.735200e-03,4.751071e-04
2p0,2,1.9984,0.0016,1,24941.22,4.501600e-03,4.692923e-04
2p5,2.5,2.4988,0.0012,1,23440.45,3.613200e-03,4.423982e-04
3p0,3,2.9968,0.0032,1,23201.05,2.992700e-03,4.359832e-04
3p5,3.5,3.4997,0.0003,1,23115.67,2.566900e-03,4.343684e-04
4p0,4,3.9794,0.0206,1,23068.58,2.253300e-03,4.333051e-04
1p05,1.05,1.5398,-0.4898,0,26700.81,8.741600e-03,5.070543e-04
1p15,1.15,1.5203,-0.3703,0,27123.49,8.143400e-03,5.415959e-04
1p25,1.25,1.5901,-0.3401,0,26490.67,7.358600e-03,5.108546e-04
1p35,1.35,1.6014,-0.2514,0,26701.08,6.832800e-03,5.175745e-04
1p45,1.45,1.5706,-0.1206,0,26862.28,6.446300e-03,5.228120e-04
1p55,1.55,1.6035,-0.0535,0,26019.32,5.863000e-03,4.923450e-04