tag,workload,saif_path,sim_period_ns,constraint_ns,cycles,window_cycles
1p0,20_power_bench,../saif_reports/1p0__20_power_bench.saif,1.51,1,2819,2810
1p0,08_multiplier,../saif_reports/1p0__08_multiplier.saif,1.51,1,79,70
1p0,24_mac_loops,../saif_reports/1p0__24_mac_loops.saif,1.51,1,4283,4274
1p1,20_power_bench,../saif_reports/1p1__20_power_bench.saif,1.55,1.1,2819,2810
1p1,08_multiplier,../saif_reports/1p1__08_multiplier.saif,1.55,1.1,79,70
1p1,24_mac_loops,../saif_reports/1p1__24_mac_loops.saif,1.55,1.1,4283,4274
1p2,20_power_bench,../saif_reports/1p2__20_power_bench.saif,1.51,1.2,2819,2810
1p2,08_multiplier,../saif_reports/1p2__08_multiplier.saif,1.51,1.2,79,70
1p2,24_mac_loops,../saif_reports/1p2__24_mac_loops.saif,1.51,1.2,4283,4274
1p3,20_power_bench,../saif_reports/1p3__20_power_bench.saif,1.57,1.3,2819,2810
1p3,08_multiplier,../saif_reports/1p3__08_multiplier.saif,1.57,1.3,79,70
1p3,24_mac_loops,../saif_reports/1p3__24_mac_loops.saif,1.57,1.3,4283,4274
1p4,20_power_bench,../saif_reports/1p4__20_power_bench.saif,1.64,1.4,2819,2810
1p4,08_multiplier,../saif_reports/1p4__08_multiplier.saif,1.64,1.4,79,70
1p4,24_mac_loops,../saif_reports/1p4__24_mac_loops.saif,1.64,1.4,4283,4274
1p5,20_power_bench,../saif_reports/1p5__20_power_bench.saif,1.54,1.5,2819,2810
1p5,08_multiplier,../saif_reports/1p5__08_multiplier.saif,1.54,1.5,79,70
1p5,24_mac_loops,../saif_reports/1p5__24_mac_loops.saif,1.54,1.5,4283,4274
1p6,20_power_bench,../saif_reports/1p6__20_power_bench.saif,1.61,1.6,2819,2810
1p6,08_multiplier,../saif_reports/1p6__08_multiplier.saif,1.61,1.6,79,70
1p6,24_mac_loops,../saif_reports/1p6__24_mac_loops.saif,1.61,1.6,4283,4274
1p7,20_power_bench,../saif_reports/1p7__20_power_bench.saif,1.7,1.7,2819,2810
1p7,08_multiplier,../saif_reports/1p7__08_multiplier.saif,1.7,1.7,79,70
1p7,24_mac_loops,../saif_reports/1p7__24_mac_loops.saif,1.7,1.7,4283,4274
1p8,20_power_bench,../saif_reports/1p8__20_power_bench.saif,1.8,1.8,2819,2810
1p8,08_multiplier,../saif_reports/1p8__08_multiplier.saif,1.8,1.8,79,70
1p8,24_mac_loops,../saif_reports/1p8__24_mac_loops.saif,1.8,1.8,4283,4274
1p9,20_power_bench,../saif_reports/1p9__20_power_bench.saif,1.9,1.9,2819,2810
1p9,08_multiplier,../saif_reports/1p9__08_multiplier.saif,1.9,1.9,79,70
1p9,24_mac_loops,../saif_reports/1p9__24_mac_loops.saif,1.9,1.9,4283,4274
2p0,20_power_bench,../saif_reports/2p0__20_power_bench.saif,2,2,2819,2810
2p0,08_multiplier,../saif_reports/2p0__08_multiplier.saif,2,2,79,70
2p0,24_mac_loops,../saif_reports/2p0__24_mac_loops.saif,2,2,4283,4274
2p5,20_power_bench,../saif_reports/2p5__20_power_bench.saif,2.5,2.5,2819,2810
2p5,08_multiplier,../saif_reports/2p5__08_multiplier.saif,2.5,2.5,79,70
2p5,24_mac_loops,../saif_reports/2p5__24_mac_loops.saif,2.5,2.5,4283,4274
3p0,20_power_bench,../saif_reports/3p0__20_power_bench.saif,3,3,2819,2810
3p0,08_multiplier,../saif_reports/3p0__08_multiplier.saif,3,3,79,70
3p0,24_mac_loops,../saif_reports/3p0__24_mac_loops.saif,3,3,4283,4274
3p5,20_power_bench,../saif_reports/3p5__20_power_bench.saif,3.5,3.5,2819,2810
3p5,08_multiplier,../saif_reports/3p5__08_multiplier.saif,3.5,3.5,79,70
3p5,24_mac_loops,../saif_reports/3p5__24_mac_loops.saif,3.5,3.5,4283,4274
4p0,20_power_bench,../saif_reports/4p0__20_power_bench.saif,3.98,4,2819,2810
4p0,08_multiplier,../saif_reports/4p0__08_multiplier.saif,3.98,4,79,70
4p0,24_mac_loops,../saif_reports/4p0__24_mac_loops.saif,3.98,4,4283,4274
1p05,20_power_bench,../saif_reports/1p05__20_power_bench.saif,1.54,1.05,2819,2810
1p05,08_multiplier,../saif_reports/1p05__08_multiplier.saif,1.54,1.05,79,70
1p05,24_mac_loops,../saif_reports/1p05__24_mac_loops.saif,1.54,1.05,4283,4274
1p15,20_power_bench,../saif_reports/1p15__20_power_bench.saif,1.53,1.15,2819,2810
1p15,08_multiplier,../saif_reports/1p15__08_multiplier.saif,1.53,1.15,79,70
1p15,24_mac_loops,../saif_reports/1p15__24_mac_loops.saif,1.53,1.15,4283,4274
1p25,20_power_bench,../saif_reports/1p25__20_power_bench.saif,1.6,1.25,2819,2810
1p25,08_multiplier,../saif_reports/1p25__08_multiplier.saif,1.6,1.25,79,70
1p25,24_mac_loops,../saif_reports/1p25__24_mac_loops.saif,1.6,1.25,4283,4274
1p35,20_power_bench,../saif_reports/1p35__20_power_bench.saif,1.61,1.35,2819,2810
1p35,08_multiplier,../saif_reports/1p35__08_multiplier.saif,1.61,1.35,79,70
1p35,24_mac_loops,../saif_reports/1p35__24_mac_loops.saif,1.61,1.35,4283,4274
1p45,20_power_bench,../saif_reports/1p45__20_power_bench.saif,1.58,1.45,2819,2810
1p45,08_multiplier,../saif_reports/1p45__08_multiplier.saif,1.58,1.45,79,70
1p45,24_mac_loops,../saif_reports/1p45__24_mac_loops.saif,1.58,1.45,4283,4274
1p55,20_power_bench,../saif_reports/1p55__20_power_bench.saif,1.61,1.55,2819,2810
1p55,08_multiplier,../saif_reports/1p55__08_multiplier.saif,1.61,1.55,79,70
1p55,24_mac_loops,../saif_reports/1p55__24_mac_loops.saif,1.61,1.55,4283,4274
