tag,workload,sim_period_ns,constraint_ns,dynamic_mW,leakage_mW,total_mW,saif_coverage_pct
1p0,20_power_bench,1.51,1,9.2921,0.540905,9.83301,100.00
1p0,08_multiplier,1.51,1,11.5733,0.546662,12.12,100.00
1p0,24_mac_loops,1.51,1,10.6373,0.5433,11.1806,100.00
1p1,20_power_bench,1.55,1.1,8.975,0.533084,9.50808,100.00
1p1,08_multiplier,1.55,1.1,10.7921,0.536519,11.3286,100.00
1p1,24_mac_loops,1.55,1.1,10.0693,0.534019,10.6033,100.00
1p2,20_power_bench,1.51,1.2,9.3065,0.549905,9.8564,100.00
1p2,08_multiplier,1.51,1.2,11.4124,0.551581,11.964,100.00
1p2,24_mac_loops,1.51,1.2,10.486,0.550427,11.0364,100.00
1p3,20_power_bench,1.57,1.3,8.9843,0.533381,9.51768,100.00
1p3,08_multiplier,1.57,1.3,10.9451,0.537975,11.4831,100.00
1p3,24_mac_loops,1.57,1.3,10.1491,0.53487,10.684,100.00
1p4,20_power_bench,1.64,1.4,8.4692,0.5326,9.0018,100.00
1p4,08_multiplier,1.64,1.4,10.2702,0.53895,10.8092,100.00
1p4,24_mac_loops,1.64,1.4,9.577,0.536868,10.1139,100.00
1p5,20_power_bench,1.54,1.5,9.2067,0.532561,9.73926,100.00
1p5,08_multiplier,1.54,1.5,11.0484,0.538274,11.5867,100.00
1p5,24_mac_loops,1.54,1.5,10.3928,0.53543,10.9282,100.00
1p6,20_power_bench,1.61,1.6,8.7007,0.509454,9.21015,100.00
1p6,08_multiplier,1.61,1.6,10.5738,0.512697,11.0865,100.00
1p6,24_mac_loops,1.61,1.6,9.8631,0.510614,10.3737,100.00
1p7,20_power_bench,1.7,1.7,8.1953,0.504048,8.69935,100.00
1p7,08_multiplier,1.7,1.7,10.1455,0.506623,10.6521,100.00
1p7,24_mac_loops,1.7,1.7,9.2452,0.504974,9.75017,100.00
1p8,20_power_bench,1.8,1.8,7.5324,0.494108,8.02651,100.00
1p8,08_multiplier,1.8,1.8,8.9771,0.49669,9.47379,100.00
1p8,24_mac_loops,1.8,1.8,8.5161,0.49496,9.01106,100.00
1p9,20_power_bench,1.9,1.9,7.154,0.495509,7.64951,100.00
1p9,08_multiplier,1.9,1.9,8.7132,0.498084,9.21128,100.00
1p9,24_mac_loops,1.9,1.9,8.1358,0.496149,8.63195,100.00
2p0,20_power_bench,2,2,6.7915,0.490563,7.28206,100.00
2p0,08_multiplier,2,2,8.268,0.493085,8.76108,100.00
2p0,24_mac_loops,2,2,7.7754,0.491303,8.2667,100.00
2p5,20_power_bench,2.5,2.5,5.4136,0.461498,5.8751,100.00
2p5,08_multiplier,2.5,2.5,6.4234,0.464402,6.8878,100.00
2p5,24_mac_loops,2.5,2.5,6.0831,0.462362,6.54546,100.00
3p0,20_power_bench,3,3,4.4819,0.454672,4.93657,100.00
3p0,08_multiplier,3,3,5.3071,0.457806,5.76491,100.00
3p0,24_mac_loops,3,3,5.0505,0.4555,5.506,100.00
3p5,20_power_bench,3.5,3.5,3.8588,0.453115,4.31192,100.00
3p5,08_multiplier,3.5,3.5,4.6545,0.456204,5.1107,100.00
3p5,24_mac_loops,3.5,3.5,4.3498,0.453927,4.80373,100.00
4p0,20_power_bench,3.98,4,3.4149,0.452018,3.86692,100.00
4p0,08_multiplier,3.98,4,4.0511,0.455131,4.50623,100.00
4p0,24_mac_loops,3.98,4,3.8346,0.452849,4.28745,100.00
1p05,20_power_bench,1.54,1.05,9.0715,0.525935,9.59743,100.00
1p05,08_multiplier,1.54,1.05,11.1687,0.531292,11.7,100.00
1p05,24_mac_loops,1.54,1.05,10.2401,0.528443,10.7685,100.00
1p15,20_power_bench,1.53,1.15,9.1331,0.552078,9.68518,100.00
1p15,08_multiplier,1.53,1.15,11.1415,0.550996,11.6925,100.00
1p15,24_mac_loops,1.53,1.15,10.3354,0.55193,10.8873,100.00
1p25,20_power_bench,1.6,1.25,8.6974,0.529835,9.22724,100.00
1p25,08_multiplier,1.6,1.25,10.9419,0.534511,11.4764,100.00
1p25,24_mac_loops,1.6,1.25,9.9003,0.531282,10.4316,100.00
1p35,20_power_bench,1.61,1.35,8.5435,0.534351,9.07785,100.00
1p35,08_multiplier,1.61,1.35,10.4734,0.542361,11.0158,100.00
1p35,24_mac_loops,1.61,1.35,9.664,0.538113,10.2021,100.00
1p45,20_power_bench,1.58,1.45,8.9274,0.541174,9.46857,100.00
1p45,08_multiplier,1.58,1.45,10.8832,0.546145,11.4293,100.00
1p45,24_mac_loops,1.58,1.45,10.0877,0.544382,10.6321,100.00
1p55,20_power_bench,1.61,1.55,8.7115,0.51546,9.22696,100.00
1p55,08_multiplier,1.61,1.55,10.5184,0.518983,11.0374,100.00
1p55,24_mac_loops,1.61,1.55,9.8347,0.516697,10.3514,100.00
