tag,workload,saif_path,sim_period_ns,constraint_ns
1p0,20_power_bench,../saif_reports/1p0__20_power_bench.saif,1.51,1
1p0,08_multiplier,../saif_reports/1p0__08_multiplier.saif,1.51,1
1p1,20_power_bench,../saif_reports/1p1__20_power_bench.saif,1.55,1.1
1p1,08_multiplier,../saif_reports/1p1__08_multiplier.saif,1.55,1.1
1p2,20_power_bench,../saif_reports/1p2__20_power_bench.saif,1.51,1.2
1p2,08_multiplier,../saif_reports/1p2__08_multiplier.saif,1.51,1.2
1p3,20_power_bench,../saif_reports/1p3__20_power_bench.saif,1.5700000000000001,1.3
1p3,08_multiplier,../saif_reports/1p3__08_multiplier.saif,1.5700000000000001,1.3
1p4,20_power_bench,../saif_reports/1p4__20_power_bench.saif,1.6399999999999999,1.4
1p4,08_multiplier,../saif_reports/1p4__08_multiplier.saif,1.6399999999999999,1.4
1p5,20_power_bench,../saif_reports/1p5__20_power_bench.saif,1.54,1.5
1p5,08_multiplier,../saif_reports/1p5__08_multiplier.saif,1.54,1.5
1p6,20_power_bench,../saif_reports/1p6__20_power_bench.saif,1.6100000000000001,1.6
1p6,08_multiplier,../saif_reports/1p6__08_multiplier.saif,1.6100000000000001,1.6
1p7,20_power_bench,../saif_reports/1p7__20_power_bench.saif,1.7,1.7
1p7,08_multiplier,../saif_reports/1p7__08_multiplier.saif,1.7,1.7
1p8,20_power_bench,../saif_reports/1p8__20_power_bench.saif,1.8,1.8
1p8,08_multiplier,../saif_reports/1p8__08_multiplier.saif,1.8,1.8
1p9,20_power_bench,../saif_reports/1p9__20_power_bench.saif,1.8999999999999999,1.9
1p9,08_multiplier,../saif_reports/1p9__08_multiplier.saif,1.8999999999999999,1.9
2p0,20_power_bench,../saif_reports/2p0__20_power_bench.saif,2.0,2
2p0,08_multiplier,../saif_reports/2p0__08_multiplier.saif,2.0,2
2p5,20_power_bench,../saif_reports/2p5__20_power_bench.saif,2.5,2.5
2p5,08_multiplier,../saif_reports/2p5__08_multiplier.saif,2.5,2.5
3p0,20_power_bench,../saif_reports/3p0__20_power_bench.saif,3.0,3
3p0,08_multiplier,../saif_reports/3p0__08_multiplier.saif,3.0,3
3p5,20_power_bench,../saif_reports/3p5__20_power_bench.saif,3.5,3.5
3p5,08_multiplier,../saif_reports/3p5__08_multiplier.saif,3.5,3.5
4p0,20_power_bench,../saif_reports/4p0__20_power_bench.saif,3.98,4
4p0,08_multiplier,../saif_reports/4p0__08_multiplier.saif,3.98,4
1p05,20_power_bench,../saif_reports/1p05__20_power_bench.saif,1.54,1.05
1p05,08_multiplier,../saif_reports/1p05__08_multiplier.saif,1.54,1.05
1p15,20_power_bench,../saif_reports/1p15__20_power_bench.saif,1.53,1.15
1p15,08_multiplier,../saif_reports/1p15__08_multiplier.saif,1.53,1.15
1p25,20_power_bench,../saif_reports/1p25__20_power_bench.saif,1.6000000000000001,1.25
1p25,08_multiplier,../saif_reports/1p25__08_multiplier.saif,1.6000000000000001,1.25
1p35,20_power_bench,../saif_reports/1p35__20_power_bench.saif,1.6100000000000001,1.35
1p35,08_multiplier,../saif_reports/1p35__08_multiplier.saif,1.6100000000000001,1.35
1p45,20_power_bench,../saif_reports/1p45__20_power_bench.saif,1.5800000000000001,1.45
1p45,08_multiplier,../saif_reports/1p45__08_multiplier.saif,1.5800000000000001,1.45
1p55,20_power_bench,../saif_reports/1p55__20_power_bench.saif,1.6100000000000001,1.55
1p55,08_multiplier,../saif_reports/1p55__08_multiplier.saif,1.6100000000000001,1.55
