test,mode,V0,V1,V2,V3,V4,V5,V6,V7
01_alu_rtype,ff,70,70,70,70,70,70,70,70
02_alu_immediate,ff,60,60,60,60,60,60,60,60
03_set_compare,ff,101,101,101,101,101,101,101,101
04_r0_source,ff,9,9,9,9,9,9,9,9
05_r0_writeback,ff,8,8,8,8,8,8,8,8
06_forwarding,ff,56,56,56,56,56,56,56,56
07_load_use,ff,48,48,48,48,48,48,48,48
07_load_use,fs,106,106,106,106,106,106,106,106
08_multiplier,ff,79,79,79,79,79,79,79,79
09_mult_parallel,ff,78,78,78,78,78,78,78,78
10_branches,ff,173,173,173,173,173,173,173,173
11_btb_predictor,ff,379,379,379,379,379,379,379,379
12_memory_access,ff,59,59,59,59,59,59,59,59
12_memory_access,fs,159,159,159,159,159,159,159,159
13_exceptions_min,ff,180,180,180,180,180,180,180,180
14_exceptions_full,ff,365,365,365,365,365,365,365,365
15_smoke_crosscheck,cf,36,36,36,36,36,36,36,36
15_smoke_crosscheck,cs,44,44,44,44,44,44,44,44
15_smoke_crosscheck,ff,15,15,15,15,15,15,15,15
15_smoke_crosscheck,fs,24,24,24,24,24,24,24,24
16_jal_return,ff,11,11,11,11,11,11,11,11
17_given_branch_loop,ff,707,707,707,707,707,707,707,707
17_given_branch_loop,fs,1307,1307,1307,1307,1307,1307,1307,1307
18_given_mult_shift,ff,35,35,35,35,35,35,35,35
19_given_all_general,ff,115,115,115,115,115,115,115,115
20_power_bench,ff,2819,2819,2819,2819,2819,2819,2819,2819
21_store_subword,ff,76,76,76,76,76,76,76,76
21_store_subword,fs,178,178,178,178,178,178,178,178
22_branch_operand_hazard,ff,73,73,73,73,73,73,73,73
23_misaligned_jump_repeat,ff,78,78,78,78,78,78,78,78
24_mac_loops,ff,4283,4283,4283,4283,4283,4283,4283,4283
