achieved_period_limit_ns,version,minimum_observed_area_um2,achieved_period_ns,source_constraint_ns
1.55,V0,,,
1.55,V1,26847.645549,1.4997,1.0
1.55,V2,27474.341559,1.4723,1.1
1.55,V3,26679.533574,1.4747,1.05
1.55,V4,26754.279549,1.5412,1.25
1.55,V5,27091.035561,1.4946,1.15
1.55,V6,26806.681562,1.4959,1.2
1.55,V7,26700.813565,1.5398,1.05
1.6,V0,,,
1.6,V1,26661.977579,1.5631,1.05
1.6,V2,26215.895573,1.6,1.6
1.6,V3,26144.607581,1.5594,1.55
1.6,V4,26381.613568,1.5786,1.5
1.6,V5,26486.949576,1.5607,1.45
1.6,V6,25895.099565,1.6,1.6
1.6,V7,26490.673579,1.5901,1.25
1.7,V0,27041.559521,1.691,1.15
1.7,V1,25191.263608,1.7,1.7
1.7,V2,25623.247576,1.7,1.7
1.7,V3,25669.531577,1.6999,1.7
1.7,V4,25701.983595,1.6999,1.7
1.7,V5,25610.745591,1.6999,1.7
1.7,V6,25498.759596,1.6998,1.7
1.7,V7,25605.15958,1.6999,1.7
1.8,V0,26246.219548,1.773,1.55
1.8,V1,24706.877617,1.7997,1.8
1.8,V2,25246.591609,1.7995,1.8
1.8,V3,25350.331597,1.799,1.8
1.8,V4,25558.343596,1.8,1.8
1.8,V5,25414.17159,1.8,1.8
1.8,V6,25405.659593,1.7997,1.8
1.8,V7,25193.391602,1.7992,1.8
2.0,V0,24850.783628,1.9991,2.0
2.0,V1,24374.643633,1.9994,2.0
2.0,V2,24905.845623,1.999,2.0
2.0,V3,25170.515603,1.8997,1.9
2.0,V4,25251.911612,1.9999,2.0
2.0,V5,25335.169593,1.9995,2.0
2.0,V6,25131.147604,1.9971,2.0
2.0,V7,24941.223621,1.9984,2.0
