scope,metric,version,constraint_ns,x_value,x_unit,y_value,y_unit,on_observed_frontier
all_versions,area,V6,1.0,1.4096,ns,27888.237549,um2,1
all_versions,area,V3,1.0,1.4154,ns,27067.627576,um2,1
all_versions,area,V4,1.0,1.4456,ns,27281.491565,um2,0
all_versions,area,V6,1.05,1.4565,ns,27206.213557,um2,0
all_versions,area,V5,1.05,1.4569,ns,27641.12353,um2,0
all_versions,area,V5,1.0,1.4717,ns,27160.993568,um2,0
all_versions,area,V2,1.1,1.4723,ns,27474.341559,um2,0
all_versions,area,V3,1.05,1.4747,ns,26679.533574,um2,1
all_versions,area,V6,1.15,1.4817,ns,26981.443551,um2,0
all_versions,area,V5,1.1,1.4893,ns,27359.961539,um2,0
all_versions,area,V5,1.15,1.4946,ns,27091.035561,um2,0
all_versions,area,V6,1.1,1.4953,ns,27079.33154,um2,0
all_versions,area,V6,1.2,1.4959,ns,26806.681562,um2,0
all_versions,area,V1,1.0,1.4997,ns,26847.645549,um2,0
all_versions,area,V7,1.2,1.5024,ns,27186.529562,um2,0
all_versions,area,V7,1.0,1.5055,ns,27179.347573,um2,0
all_versions,area,V3,1.1,1.5111,ns,27327.243565,um2,0
all_versions,area,V3,1.15,1.5167,ns,26962.557555,um2,0
all_versions,area,V4,1.15,1.5175,ns,26982.773556,um2,0
all_versions,area,V7,1.15,1.5203,ns,27123.487583,um2,0
all_versions,area,V4,1.2,1.5281,ns,27057.253568,um2,0
all_versions,area,V7,1.5,1.5305,ns,26754.811551,um2,0
all_versions,area,V3,1.2,1.5367,ns,27192.115551,um2,0
all_versions,area,V7,1.05,1.5398,ns,26700.813565,um2,0
all_versions,area,V4,1.25,1.5412,ns,26754.279549,um2,0
all_versions,area,V4,1.05,1.5459,ns,26761.727572,um2,0
all_versions,area,V7,1.1,1.5472,ns,26723.955579,um2,0
all_versions,area,V2,1.15,1.5567,ns,27236.537544,um2,0
all_versions,area,V2,1.3,1.5567,ns,27285.747501,um2,0
all_versions,area,V3,1.55,1.5594,ns,26144.607581,um2,1
all_versions,area,V5,1.45,1.5607,ns,26486.949576,um2,0
all_versions,area,V4,1.55,1.5621,ns,26496.525567,um2,0
all_versions,area,V1,1.05,1.5631,ns,26661.977579,um2,0
all_versions,area,V6,1.45,1.5644,ns,26273.617579,um2,0
all_versions,area,V7,1.3,1.5648,ns,26777.155546,um2,0
all_versions,area,V1,1.4,1.5668,ns,26822.907527,um2,0
all_versions,area,V2,1.05,1.5675,ns,27268.989533,um2,0
all_versions,area,V5,1.3,1.5702,ns,26967.079552,um2,0
all_versions,area,V7,1.45,1.5706,ns,26862.27555,um2,0
all_versions,area,V2,1.25,1.5711,ns,26891.535515,um2,0
all_versions,area,V6,1.4,1.5717,ns,26263.775568,um2,0
all_versions,area,V4,1.1,1.5726,ns,26910.421557,um2,0
all_versions,area,V4,1.45,1.5732,ns,26430.557569,um2,0
all_versions,area,V6,1.25,1.5741,ns,26574.197569,um2,0
all_versions,area,V4,1.5,1.5786,ns,26381.613568,um2,0
all_versions,area,V5,1.35,1.5787,ns,26804.819553,um2,0
all_versions,area,V6,1.55,1.5817,ns,26253.401597,um2,0
all_versions,area,V4,1.3,1.5826,ns,26898.717567,um2,0
all_versions,area,V2,1.2,1.5831,ns,27323.785574,um2,0
all_versions,area,V3,1.3,1.5846,ns,26718.901545,um2,0
all_versions,area,V3,1.25,1.5855,ns,26485.353573,um2,0
all_versions,area,V1,1.2,1.587,ns,27135.72353,um2,0
all_versions,area,V6,1.5,1.5881,ns,26332.137577,um2,0
all_versions,area,V6,1.35,1.5894,ns,26722.359559,um2,0
all_versions,area,V1,1.1,1.59,ns,26965.217566,um2,0
all_versions,area,V7,1.25,1.5901,ns,26490.673579,um2,0
all_versions,area,V4,1.35,1.5932,ns,27088.375546,um2,0
all_versions,area,V3,1.5,1.5963,ns,26509.293566,um2,0
all_versions,area,V3,1.35,1.5977,ns,26468.861575,um2,0
all_versions,area,V1,1.25,1.598,ns,27000.861543,um2,0
all_versions,area,V3,1.45,1.5985,ns,26891.003554,um2,0
all_versions,area,V2,1.0,1.5997,ns,26805.617529,um2,0
all_versions,area,V6,1.6,1.6,ns,25895.099565,um2,1
all_versions,area,V2,1.6,1.6,ns,26215.895573,um2,0
all_versions,area,V5,1.5,1.6014,ns,26333.999578,um2,0
all_versions,area,V7,1.35,1.6014,ns,26701.079558,um2,0
all_versions,area,V7,1.55,1.6035,ns,26019.321571,um2,0
all_versions,area,V7,1.6,1.6045,ns,25856.795572,um2,1
all_versions,area,V2,1.35,1.607,ns,26964.951531,um2,0
all_versions,area,V5,1.4,1.6074,ns,26385.33756,um2,0
all_versions,area,V5,1.55,1.6085,ns,26124.125595,um2,0
all_versions,area,V1,1.35,1.6178,ns,26654.795531,um2,0
all_versions,area,V5,1.25,1.6184,ns,26797.371555,um2,0
all_versions,area,V2,1.5,1.62,ns,26850.305523,um2,0
all_versions,area,V1,1.6,1.621,ns,26062.945574,um2,0
all_versions,area,V2,1.55,1.621,ns,26446.251562,um2,0
all_versions,area,V3,1.6,1.6211,ns,25930.743561,um2,0
all_versions,area,V4,1.4,1.6222,ns,27149.023541,um2,0
all_versions,area,V5,1.2,1.6299,ns,26550.257561,um2,0
all_versions,area,V5,1.6,1.6304,ns,26114.01756,um2,0
all_versions,area,V7,1.4,1.6342,ns,26585.635555,um2,0
all_versions,area,V6,1.3,1.6347,ns,26762.259558,um2,0
all_versions,area,V1,1.45,1.6369,ns,26405.55353,um2,0
all_versions,area,V1,1.3,1.6389,ns,26652.667513,um2,0
all_versions,area,V3,1.4,1.6444,ns,26627.131556,um2,0
all_versions,area,V4,1.6,1.6488,ns,26079.171563,um2,0
all_versions,area,V2,1.45,1.6612,ns,26521.529535,um2,0
all_versions,area,V2,1.4,1.6613,ns,27124.551507,um2,0
all_versions,area,V1,1.15,1.6684,ns,26722.625577,um2,0
all_versions,area,V1,1.5,1.6747,ns,26234.781538,um2,0
all_versions,area,V1,1.55,1.6853,ns,26041.133578,um2,0
all_versions,area,V0,1.15,1.691,ns,27041.559521,um2,0
all_versions,area,V6,1.7,1.6998,ns,25498.759596,um2,1
all_versions,area,V7,1.7,1.6999,ns,25605.15958,um2,0
all_versions,area,V5,1.7,1.6999,ns,25610.745591,um2,0
all_versions,area,V3,1.7,1.6999,ns,25669.531577,um2,0
all_versions,area,V4,1.7,1.6999,ns,25701.983595,um2,0
all_versions,area,V1,1.7,1.7,ns,25191.263608,um2,1
all_versions,area,V2,1.7,1.7,ns,25623.247576,um2,0
all_versions,area,V0,1.05,1.7124,ns,26825.301531,um2,0
all_versions,area,V0,1.25,1.7156,ns,26739.117535,um2,0
all_versions,area,V0,1.2,1.7427,ns,27360.493504,um2,0
all_versions,area,V0,1.0,1.7523,ns,27020.54553,um2,0
all_versions,area,V0,1.35,1.7608,ns,26800.031523,um2,0
all_versions,area,V0,1.55,1.773,ns,26246.219548,um2,0
all_versions,area,V0,1.3,1.7777,ns,26826.365526,um2,0
all_versions,area,V3,1.8,1.799,ns,25350.331597,um2,0
all_versions,area,V7,1.8,1.7992,ns,25193.391602,um2,0
all_versions,area,V2,1.8,1.7995,ns,25246.591609,um2,0
all_versions,area,V1,1.8,1.7997,ns,24706.877617,um2,1
all_versions,area,V6,1.8,1.7997,ns,25405.659593,um2,0
all_versions,area,V5,1.8,1.8,ns,25414.17159,um2,0
all_versions,area,V4,1.8,1.8,ns,25558.343596,um2,0
all_versions,area,V0,1.4,1.8022,ns,26852.433526,um2,0
all_versions,area,V0,1.1,1.8024,ns,27563.185536,um2,0
all_versions,area,V0,1.5,1.8183,ns,26390.657529,um2,0
all_versions,area,V0,1.45,1.8241,ns,26854.561535,um2,0
all_versions,area,V0,1.7,1.8385,ns,25592.657609,um2,0
all_versions,area,V0,1.8,1.8458,ns,25444.229609,um2,0
all_versions,area,V0,1.6,1.8618,ns,25715.815595,um2,0
all_versions,area,V5,1.9,1.8984,ns,25392.62559,um2,0
all_versions,area,V4,1.9,1.8992,ns,25411.511596,um2,0
all_versions,area,V7,1.9,1.8994,ns,25093.907619,um2,0
all_versions,area,V1,1.9,1.8997,ns,24457.103629,um2,1
all_versions,area,V3,1.9,1.8997,ns,25170.515603,um2,0
all_versions,area,V6,1.9,1.8999,ns,25334.903598,um2,0
all_versions,area,V2,1.9,1.9,ns,25074.755619,um2,0
all_versions,area,V0,1.9,1.9252,ns,25206.957616,um2,0
all_versions,area,V6,2.0,1.9971,ns,25131.147604,um2,0
all_versions,area,V7,2.0,1.9984,ns,24941.223621,um2,0
all_versions,area,V3,2.0,1.9985,ns,25173.707625,um2,0
all_versions,area,V2,2.0,1.999,ns,24905.845623,um2,0
all_versions,area,V0,2.0,1.9991,ns,24850.783628,um2,0
all_versions,area,V1,2.0,1.9994,ns,24374.643633,um2,1
all_versions,area,V5,2.0,1.9995,ns,25335.169593,um2,0
all_versions,area,V4,2.0,1.9999,ns,25251.911612,um2,0
all_versions,area,V5,2.5,2.489,ns,23493.385647,um2,1
all_versions,area,V2,2.5,2.4984,ns,23190.145665,um2,1
all_versions,area,V4,2.5,2.4984,ns,23550.309646,um2,0
all_versions,area,V7,2.5,2.4988,ns,23440.451657,um2,0
all_versions,area,V6,2.5,2.499,ns,23494.449646,um2,0
all_versions,area,V3,2.5,2.4991,ns,23358.25766,um2,0
all_versions,area,V1,2.5,2.4995,ns,23007.137664,um2,1
all_versions,area,V0,2.5,2.4997,ns,23005.275666,um2,1
all_versions,area,V4,3.0,2.9962,ns,23425.821648,um2,0
all_versions,area,V7,3.0,2.9968,ns,23201.051658,um2,0
all_versions,area,V2,3.0,2.998,ns,23051.027663,um2,0
all_versions,area,V3,3.0,2.998,ns,23232.173658,um2,0
all_versions,area,V1,3.0,2.999,ns,22883.181664,um2,1
all_versions,area,V6,3.0,2.999,ns,23395.231648,um2,0
all_versions,area,V5,3.0,2.9991,ns,23411.457648,um2,0
all_versions,area,V0,3.0,2.9992,ns,22855.783666,um2,1
all_versions,area,V1,3.5,3.495,ns,22816.149664,um2,1
all_versions,area,V5,3.5,3.4956,ns,23357.459649,um2,0
all_versions,area,V6,3.5,3.4961,ns,23353.469648,um2,0
all_versions,area,V4,3.5,3.4974,ns,23394.965648,um2,0
all_versions,area,V2,3.5,3.4992,ns,22953.671664,um2,0
all_versions,area,V3,3.5,3.4994,ns,23090.927661,um2,0
all_versions,area,V0,3.5,3.4997,ns,22805.243668,um2,1
all_versions,area,V7,3.5,3.4997,ns,23115.66566,um2,0
all_versions,area,V1,4.0,3.7749,ns,22801.785663,um2,1
all_versions,area,V4,4.0,3.806,ns,23370.227649,um2,0
all_versions,area,V3,4.0,3.9618,ns,23072.041661,um2,0
all_versions,area,V0,4.0,3.9784,ns,22787.953667,um2,1
all_versions,area,V7,4.0,3.9794,ns,23068.583661,um2,0
all_versions,area,V2,4.0,3.9811,ns,22914.835665,um2,0
all_versions,area,V5,4.0,3.9828,ns,23325.27365,um2,0
all_versions,area,V6,4.0,3.9838,ns,23322.879649,um2,0
all_versions,power_08_multiplier,V6,1.0,1.41,ns,6.1250875,mW,1
all_versions,power_08_multiplier,V3,1.0,1.42,ns,5.6525069,mW,1
all_versions,power_08_multiplier,V4,1.0,1.45,ns,5.9556295,mW,0
all_versions,power_08_multiplier,V6,1.05,1.46,ns,5.9142006,mW,0
all_versions,power_08_multiplier,V5,1.05,1.46,ns,5.9321189,mW,0
all_versions,power_08_multiplier,V3,1.05,1.48,ns,5.4191022,mW,1
all_versions,power_08_multiplier,V2,1.1,1.48,ns,5.4599423,mW,0
all_versions,power_08_multiplier,V5,1.0,1.48,ns,5.8499845,mW,0
all_versions,power_08_multiplier,V6,1.15,1.49,ns,5.7932318,mW,0
all_versions,power_08_multiplier,V5,1.1,1.49,ns,5.815607,mW,0
all_versions,power_08_multiplier,V1,1.0,1.5,ns,5.3737027,mW,1
all_versions,power_08_multiplier,V6,1.2,1.5,ns,5.7372979,mW,0
all_versions,power_08_multiplier,V6,1.1,1.5,ns,5.7391287,mW,0
all_versions,power_08_multiplier,V5,1.15,1.5,ns,5.7462835,mW,0
all_versions,power_08_multiplier,V7,1.2,1.51,ns,5.3343582,mW,1
all_versions,power_08_multiplier,V7,1.0,1.51,ns,5.3383721,mW,0
all_versions,power_08_multiplier,V3,1.15,1.52,ns,5.2974946,mW,1
all_versions,power_08_multiplier,V3,1.1,1.52,ns,5.3080696,mW,0
all_versions,power_08_multiplier,V4,1.15,1.52,ns,5.6853551,mW,0
all_versions,power_08_multiplier,V7,1.15,1.53,ns,5.263832,mW,1
all_versions,power_08_multiplier,V4,1.2,1.53,ns,5.6696818,mW,0
all_versions,power_08_multiplier,V7,1.05,1.54,ns,5.2183646,mW,1
all_versions,power_08_multiplier,V7,1.5,1.54,ns,5.2193428,mW,0
all_versions,power_08_multiplier,V3,1.2,1.54,ns,5.2496651,mW,0
all_versions,power_08_multiplier,V7,1.1,1.55,ns,5.1753672,mW,1
all_versions,power_08_multiplier,V4,1.25,1.55,ns,5.567758,mW,0
all_versions,power_08_multiplier,V4,1.05,1.55,ns,5.5772119,mW,0
all_versions,power_08_multiplier,V3,1.55,1.56,ns,5.1531128,mW,1
all_versions,power_08_multiplier,V2,1.15,1.56,ns,5.1755233,mW,0
all_versions,power_08_multiplier,V2,1.3,1.56,ns,5.1808814,mW,0
all_versions,power_08_multiplier,V1,1.05,1.57,ns,5.1246653,mW,1
all_versions,power_08_multiplier,V1,1.4,1.57,ns,5.132967,mW,0
all_versions,power_08_multiplier,V7,1.3,1.57,ns,5.1367401,mW,0
all_versions,power_08_multiplier,V2,1.05,1.57,ns,5.1436555,mW,0
all_versions,power_08_multiplier,V6,1.45,1.57,ns,5.4923022,mW,0
all_versions,power_08_multiplier,V4,1.55,1.57,ns,5.5136021,mW,0
all_versions,power_08_multiplier,V5,1.45,1.57,ns,5.5233631,mW,0
all_versions,power_08_multiplier,V2,1.25,1.58,ns,5.1136252,mW,1
all_versions,power_08_multiplier,V7,1.45,1.58,ns,5.1150459,mW,0
all_versions,power_08_multiplier,V4,1.5,1.58,ns,5.4570443,mW,0
all_versions,power_08_multiplier,V4,1.45,1.58,ns,5.4704853,mW,0
all_versions,power_08_multiplier,V6,1.4,1.58,ns,5.4705331,mW,0
all_versions,power_08_multiplier,V6,1.25,1.58,ns,5.4758222,mW,0
all_versions,power_08_multiplier,V4,1.1,1.58,ns,5.4761768,mW,0
all_versions,power_08_multiplier,V5,1.3,1.58,ns,5.479745,mW,0
all_versions,power_08_multiplier,V5,1.35,1.58,ns,5.4835067,mW,0
all_versions,power_08_multiplier,V3,1.25,1.59,ns,5.0612612,mW,1
all_versions,power_08_multiplier,V3,1.3,1.59,ns,5.0761141,mW,0
all_versions,power_08_multiplier,V1,1.1,1.59,ns,5.0825595,mW,0
all_versions,power_08_multiplier,V1,1.2,1.59,ns,5.0831537,mW,0
all_versions,power_08_multiplier,V2,1.2,1.59,ns,5.1059332,mW,0
all_versions,power_08_multiplier,V6,1.55,1.59,ns,5.4229534,mW,0
all_versions,power_08_multiplier,V6,1.5,1.59,ns,5.4245569,mW,0
all_versions,power_08_multiplier,V6,1.35,1.59,ns,5.4399537,mW,0
all_versions,power_08_multiplier,V4,1.3,1.59,ns,5.4628354,mW,0
all_versions,power_08_multiplier,V3,1.5,1.6,ns,5.0367197,mW,1
all_versions,power_08_multiplier,V2,1.6,1.6,ns,5.0406382,mW,0
all_versions,power_08_multiplier,V3,1.35,1.6,ns,5.0448824,mW,0
all_versions,power_08_multiplier,V1,1.25,1.6,ns,5.0480305,mW,0
all_versions,power_08_multiplier,V7,1.25,1.6,ns,5.058468,mW,0
all_versions,power_08_multiplier,V3,1.45,1.6,ns,5.0603313,mW,0
all_versions,power_08_multiplier,V2,1.0,1.6,ns,5.0648428,mW,0
all_versions,power_08_multiplier,V6,1.6,1.6,ns,5.3999301,mW,0
all_versions,power_08_multiplier,V4,1.35,1.6,ns,5.4320815,mW,0
all_versions,power_08_multiplier,V7,1.6,1.61,ns,4.9901075,mW,1
all_versions,power_08_multiplier,V7,1.55,1.61,ns,4.9934954,mW,0
all_versions,power_08_multiplier,V7,1.35,1.61,ns,5.0129674,mW,0
all_versions,power_08_multiplier,V2,1.35,1.61,ns,5.0291641,mW,0
all_versions,power_08_multiplier,V5,1.4,1.61,ns,5.3680132,mW,0
all_versions,power_08_multiplier,V5,1.5,1.61,ns,5.3697085,mW,0
all_versions,power_08_multiplier,V5,1.55,1.61,ns,5.3773704,mW,0
all_versions,power_08_multiplier,V1,1.35,1.62,ns,4.9835456,mW,1
all_versions,power_08_multiplier,V2,1.5,1.62,ns,4.9884069,mW,0
all_versions,power_08_multiplier,V5,1.25,1.62,ns,5.3461818,mW,0
all_versions,power_08_multiplier,V1,1.6,1.63,ns,4.9476882,mW,1
all_versions,power_08_multiplier,V2,1.55,1.63,ns,4.9487864,mW,0
all_versions,power_08_multiplier,V3,1.6,1.63,ns,4.9516164,mW,0
all_versions,power_08_multiplier,V5,1.2,1.63,ns,5.3067302,mW,0
all_versions,power_08_multiplier,V4,1.4,1.63,ns,5.3321398,mW,0
all_versions,power_08_multiplier,V1,1.45,1.64,ns,4.9210521,mW,1
all_versions,power_08_multiplier,V1,1.3,1.64,ns,4.9221483,mW,0
all_versions,power_08_multiplier,V7,1.4,1.64,ns,4.9281383,mW,0
all_versions,power_08_multiplier,V5,1.6,1.64,ns,5.2839668,mW,0
all_versions,power_08_multiplier,V6,1.3,1.64,ns,5.287255,mW,0
all_versions,power_08_multiplier,V3,1.4,1.65,ns,4.9028398,mW,1
all_versions,power_08_multiplier,V4,1.6,1.65,ns,5.2532007,mW,0
all_versions,power_08_multiplier,V2,1.45,1.67,ns,4.8412873,mW,1
all_versions,power_08_multiplier,V1,1.15,1.67,ns,4.8597807,mW,0
all_versions,power_08_multiplier,V2,1.4,1.67,ns,4.86762,mW,0
all_versions,power_08_multiplier,V1,1.5,1.68,ns,4.811954,mW,1
all_versions,power_08_multiplier,V1,1.55,1.69,ns,4.7771348,mW,1
all_versions,power_08_multiplier,V1,1.7,1.7,ns,4.7349012,mW,1
all_versions,power_08_multiplier,V7,1.7,1.7,ns,4.7551997,mW,0
all_versions,power_08_multiplier,V2,1.7,1.7,ns,4.7621094,mW,0
all_versions,power_08_multiplier,V3,1.7,1.7,ns,4.7623284,mW,0
all_versions,power_08_multiplier,V0,1.15,1.7,ns,4.7762321,mW,0
all_versions,power_08_multiplier,V6,1.7,1.7,ns,5.0867483,mW,0
all_versions,power_08_multiplier,V4,1.7,1.7,ns,5.0975792,mW,0
all_versions,power_08_multiplier,V5,1.7,1.7,ns,5.1095736,mW,0
all_versions,power_08_multiplier,V0,1.05,1.72,ns,4.7034713,mW,1
all_versions,power_08_multiplier,V0,1.25,1.72,ns,4.7168459,mW,0
all_versions,power_08_multiplier,V0,1.2,1.75,ns,4.6561753,mW,1
all_versions,power_08_multiplier,V0,1.0,1.76,ns,4.6129334,mW,1
all_versions,power_08_multiplier,V0,1.35,1.77,ns,4.5924097,mW,1
all_versions,power_08_multiplier,V0,1.55,1.78,ns,4.5485466,mW,1
all_versions,power_08_multiplier,V0,1.3,1.78,ns,4.5622952,mW,0
all_versions,power_08_multiplier,V7,1.8,1.8,ns,4.4735554,mW,1
all_versions,power_08_multiplier,V1,1.8,1.8,ns,4.4785084,mW,0
all_versions,power_08_multiplier,V2,1.8,1.8,ns,4.5094935,mW,0
all_versions,power_08_multiplier,V3,1.8,1.8,ns,4.5148563,mW,0
all_versions,power_08_multiplier,V6,1.8,1.8,ns,4.8206077,mW,0
all_versions,power_08_multiplier,V4,1.8,1.8,ns,4.835686,mW,0
all_versions,power_08_multiplier,V5,1.8,1.8,ns,4.8396174,mW,0
all_versions,power_08_multiplier,V0,1.4,1.81,ns,4.5117369,mW,0
all_versions,power_08_multiplier,V0,1.1,1.81,ns,4.538094,mW,0
all_versions,power_08_multiplier,V0,1.5,1.82,ns,4.4716218,mW,1
all_versions,power_08_multiplier,V0,1.45,1.83,ns,4.4627135,mW,1
all_versions,power_08_multiplier,V0,1.7,1.84,ns,4.4098769,mW,1
all_versions,power_08_multiplier,V0,1.8,1.85,ns,4.3848271,mW,1
all_versions,power_08_multiplier,V0,1.6,1.87,ns,4.347098,mW,1
all_versions,power_08_multiplier,V1,1.9,1.9,ns,4.2667239,mW,1
all_versions,power_08_multiplier,V7,1.9,1.9,ns,4.2777266,mW,0
all_versions,power_08_multiplier,V2,1.9,1.9,ns,4.2817679,mW,0
all_versions,power_08_multiplier,V3,1.9,1.9,ns,4.2826895,mW,0
all_versions,power_08_multiplier,V5,1.9,1.9,ns,4.6031698,mW,0
all_versions,power_08_multiplier,V4,1.9,1.9,ns,4.6047045,mW,0
all_versions,power_08_multiplier,V6,1.9,1.9,ns,4.6059089,mW,0
all_versions,power_08_multiplier,V0,1.9,1.93,ns,4.2070085,mW,1
all_versions,power_08_multiplier,V0,2.0,2.0,ns,4.0650363,mW,1
all_versions,power_08_multiplier,V1,2.0,2.0,ns,4.0823802,mW,0
all_versions,power_08_multiplier,V2,2.0,2.0,ns,4.0833366,mW,0
all_versions,power_08_multiplier,V7,2.0,2.0,ns,4.0836338,mW,0
all_versions,power_08_multiplier,V3,2.0,2.0,ns,4.1168002,mW,0
all_versions,power_08_multiplier,V6,2.0,2.0,ns,4.3742928,mW,0
all_versions,power_08_multiplier,V5,2.0,2.0,ns,4.3948731,mW,0
all_versions,power_08_multiplier,V4,2.0,2.0,ns,4.3985994,mW,0
all_versions,power_08_multiplier,V5,2.5,2.49,ns,3.5883203,mW,1
all_versions,power_08_multiplier,V0,2.5,2.5,ns,3.3172167,mW,1
all_versions,power_08_multiplier,V1,2.5,2.5,ns,3.3213171,mW,0
all_versions,power_08_multiplier,V3,2.5,2.5,ns,3.3222839,mW,0
all_versions,power_08_multiplier,V7,2.5,2.5,ns,3.3258191,mW,0
all_versions,power_08_multiplier,V2,2.5,2.5,ns,3.3315087,mW,0
all_versions,power_08_multiplier,V4,2.5,2.5,ns,3.5654359,mW,0
all_versions,power_08_multiplier,V6,2.5,2.5,ns,3.57765,mW,0
all_versions,power_08_multiplier,V0,3.0,3.0,ns,2.8319982,mW,1
all_versions,power_08_multiplier,V7,3.0,3.0,ns,2.8397531,mW,0
all_versions,power_08_multiplier,V1,3.0,3.0,ns,2.8470846,mW,0
all_versions,power_08_multiplier,V3,3.0,3.0,ns,2.8496327,mW,0
all_versions,power_08_multiplier,V2,3.0,3.0,ns,2.8573045,mW,0
all_versions,power_08_multiplier,V4,3.0,3.0,ns,3.0498572,mW,0
all_versions,power_08_multiplier,V5,3.0,3.0,ns,3.0577446,mW,0
all_versions,power_08_multiplier,V6,3.0,3.0,ns,3.0592343,mW,0
all_versions,power_08_multiplier,V0,3.5,3.5,ns,2.4898166,mW,1
all_versions,power_08_multiplier,V3,3.5,3.5,ns,2.501224,mW,0
all_versions,power_08_multiplier,V1,3.5,3.5,ns,2.5033219,mW,0
all_versions,power_08_multiplier,V7,3.5,3.5,ns,2.5039923,mW,0
all_versions,power_08_multiplier,V2,3.5,3.5,ns,2.5080818,mW,0
all_versions,power_08_multiplier,V4,3.5,3.5,ns,2.6830938,mW,0
all_versions,power_08_multiplier,V6,3.5,3.5,ns,2.6845177,mW,0
all_versions,power_08_multiplier,V5,3.5,3.5,ns,2.6858918,mW,0
all_versions,power_08_multiplier,V1,4.0,3.78,ns,2.3460169,mW,1
all_versions,power_08_multiplier,V4,4.0,3.81,ns,2.4963414,mW,0
all_versions,power_08_multiplier,V3,4.0,3.97,ns,2.259778,mW,1
all_versions,power_08_multiplier,V0,4.0,3.98,ns,2.2478591,mW,1
all_versions,power_08_multiplier,V7,4.0,3.98,ns,2.2532971,mW,0
all_versions,power_08_multiplier,V2,4.0,3.99,ns,2.2515788,mW,0
all_versions,power_08_multiplier,V5,4.0,3.99,ns,2.4083716,mW,0
all_versions,power_08_multiplier,V6,4.0,3.99,ns,2.4095198,mW,0
all_versions,power_20_mixed,V6,1.0,1.41,ns,6.6061195,mW,1
all_versions,power_20_mixed,V3,1.0,1.42,ns,6.1478453,mW,1
all_versions,power_20_mixed,V4,1.0,1.45,ns,6.4048184,mW,0
all_versions,power_20_mixed,V6,1.05,1.46,ns,6.3647514,mW,0
all_versions,power_20_mixed,V5,1.05,1.46,ns,6.4200184,mW,0
all_versions,power_20_mixed,V3,1.05,1.48,ns,5.883975,mW,1
all_versions,power_20_mixed,V2,1.1,1.48,ns,5.9498661,mW,0
all_versions,power_20_mixed,V5,1.0,1.48,ns,6.2974368,mW,0
all_versions,power_20_mixed,V5,1.1,1.49,ns,6.2482508,mW,0
all_versions,power_20_mixed,V6,1.15,1.49,ns,6.2529745,mW,0
all_versions,power_20_mixed,V1,1.0,1.5,ns,5.7995846,mW,1
all_versions,power_20_mixed,V6,1.1,1.5,ns,6.1630819,mW,0
all_versions,power_20_mixed,V5,1.15,1.5,ns,6.1917894,mW,0
all_versions,power_20_mixed,V6,1.2,1.5,ns,6.1954656,mW,0
all_versions,power_20_mixed,V7,1.0,1.51,ns,5.7892044,mW,1
all_versions,power_20_mixed,V7,1.2,1.51,ns,5.8002849,mW,0
all_versions,power_20_mixed,V3,1.1,1.52,ns,5.7503805,mW,1
all_versions,power_20_mixed,V3,1.15,1.52,ns,5.7647377,mW,0
all_versions,power_20_mixed,V4,1.15,1.52,ns,6.0834828,mW,0
all_versions,power_20_mixed,V7,1.15,1.53,ns,5.7224921,mW,1
all_versions,power_20_mixed,V4,1.2,1.53,ns,6.0799144,mW,0
all_versions,power_20_mixed,V7,1.05,1.54,ns,5.6639599,mW,1
all_versions,power_20_mixed,V7,1.5,1.54,ns,5.6965968,mW,0
all_versions,power_20_mixed,V3,1.2,1.54,ns,5.708244,mW,0
all_versions,power_20_mixed,V7,1.1,1.55,ns,5.6290352,mW,1
all_versions,power_20_mixed,V4,1.25,1.55,ns,5.9734071,mW,0
all_versions,power_20_mixed,V4,1.05,1.55,ns,5.9973293,mW,0
all_versions,power_20_mixed,V3,1.55,1.56,ns,5.6112857,mW,1
all_versions,power_20_mixed,V2,1.15,1.56,ns,5.6397989,mW,0
all_versions,power_20_mixed,V2,1.3,1.56,ns,5.647113,mW,0
all_versions,power_20_mixed,V1,1.05,1.57,ns,5.5215009,mW,1
all_versions,power_20_mixed,V1,1.4,1.57,ns,5.5599854,mW,0
all_versions,power_20_mixed,V7,1.3,1.57,ns,5.5903942,mW,0
all_versions,power_20_mixed,V2,1.05,1.57,ns,5.5918375,mW,0
all_versions,power_20_mixed,V6,1.45,1.57,ns,5.9308458,mW,0
all_versions,power_20_mixed,V4,1.55,1.57,ns,5.9489025,mW,0
all_versions,power_20_mixed,V5,1.45,1.57,ns,5.9580141,mW,0
all_versions,power_20_mixed,V2,1.25,1.58,ns,5.5455458,mW,0
all_versions,power_20_mixed,V7,1.45,1.58,ns,5.565288,mW,0
all_versions,power_20_mixed,V4,1.1,1.58,ns,5.873553,mW,0
all_versions,power_20_mixed,V6,1.4,1.58,ns,5.8814919,mW,0
all_versions,power_20_mixed,V4,1.5,1.58,ns,5.8896882,mW,0
all_versions,power_20_mixed,V5,1.3,1.58,ns,5.8912781,mW,0
all_versions,power_20_mixed,V4,1.45,1.58,ns,5.8916993,mW,0
all_versions,power_20_mixed,V6,1.25,1.58,ns,5.8945284,mW,0
all_versions,power_20_mixed,V5,1.35,1.58,ns,5.9023518,mW,0
all_versions,power_20_mixed,V3,1.25,1.59,ns,5.4821325,mW,1
all_versions,power_20_mixed,V1,1.1,1.59,ns,5.4837146,mW,0
all_versions,power_20_mixed,V1,1.2,1.59,ns,5.4997504,mW,0
all_versions,power_20_mixed,V3,1.3,1.59,ns,5.5145123,mW,0
all_versions,power_20_mixed,V2,1.2,1.59,ns,5.5631363,mW,0
all_versions,power_20_mixed,V6,1.5,1.59,ns,5.8386264,mW,0
all_versions,power_20_mixed,V4,1.3,1.59,ns,5.8491362,mW,0
all_versions,power_20_mixed,V6,1.55,1.59,ns,5.8515339,mW,0
all_versions,power_20_mixed,V6,1.35,1.59,ns,5.8605801,mW,0
all_versions,power_20_mixed,V3,1.35,1.6,ns,5.458846,mW,1
all_versions,power_20_mixed,V7,1.25,1.6,ns,5.4690932,mW,0
all_versions,power_20_mixed,V2,1.0,1.6,ns,5.469881,mW,0
all_versions,power_20_mixed,V3,1.5,1.6,ns,5.4755632,mW,0
all_versions,power_20_mixed,V2,1.6,1.6,ns,5.4818874,mW,0
all_versions,power_20_mixed,V1,1.25,1.6,ns,5.483602,mW,0
all_versions,power_20_mixed,V3,1.45,1.6,ns,5.4941995,mW,0
all_versions,power_20_mixed,V6,1.6,1.6,ns,5.812238,mW,0
all_versions,power_20_mixed,V4,1.35,1.6,ns,5.8344419,mW,0
all_versions,power_20_mixed,V7,1.35,1.61,ns,5.4238559,mW,1
all_versions,power_20_mixed,V7,1.6,1.61,ns,5.4287622,mW,0
all_versions,power_20_mixed,V7,1.55,1.61,ns,5.43675,mW,0
all_versions,power_20_mixed,V2,1.35,1.61,ns,5.4787437,mW,0
all_versions,power_20_mixed,V5,1.4,1.61,ns,5.7728663,mW,0
all_versions,power_20_mixed,V5,1.5,1.61,ns,5.7821546,mW,0
all_versions,power_20_mixed,V5,1.55,1.61,ns,5.7860251,mW,0
all_versions,power_20_mixed,V1,1.35,1.62,ns,5.3933179,mW,1
all_versions,power_20_mixed,V2,1.5,1.62,ns,5.4233815,mW,0
all_versions,power_20_mixed,V5,1.25,1.62,ns,5.7604227,mW,0
all_versions,power_20_mixed,V1,1.6,1.63,ns,5.3658891,mW,1
all_versions,power_20_mixed,V2,1.55,1.63,ns,5.3698605,mW,0
all_versions,power_20_mixed,V3,1.6,1.63,ns,5.3719884,mW,0
all_versions,power_20_mixed,V5,1.2,1.63,ns,5.6999979,mW,0
all_versions,power_20_mixed,V4,1.4,1.63,ns,5.739231,mW,0
all_versions,power_20_mixed,V1,1.45,1.64,ns,5.3111479,mW,1
all_versions,power_20_mixed,V1,1.3,1.64,ns,5.3352997,mW,0
all_versions,power_20_mixed,V7,1.4,1.64,ns,5.3478371,mW,0
all_versions,power_20_mixed,V5,1.6,1.64,ns,5.6983113,mW,0
all_versions,power_20_mixed,V6,1.3,1.64,ns,5.7098377,mW,0
all_versions,power_20_mixed,V3,1.4,1.65,ns,5.3236176,mW,0
all_versions,power_20_mixed,V4,1.6,1.65,ns,5.6552508,mW,0
all_versions,power_20_mixed,V1,1.15,1.67,ns,5.2408536,mW,1
all_versions,power_20_mixed,V2,1.45,1.67,ns,5.2664621,mW,0
all_versions,power_20_mixed,V2,1.4,1.67,ns,5.2943028,mW,0
all_versions,power_20_mixed,V1,1.5,1.68,ns,5.2239441,mW,1
all_versions,power_20_mixed,V1,1.55,1.69,ns,5.1742589,mW,1
all_versions,power_20_mixed,V1,1.7,1.7,ns,5.114225,mW,1
all_versions,power_20_mixed,V7,1.7,1.7,ns,5.1548171,mW,0
all_versions,power_20_mixed,V2,1.7,1.7,ns,5.1553906,mW,0
all_versions,power_20_mixed,V3,1.7,1.7,ns,5.1665404,mW,0
all_versions,power_20_mixed,V0,1.15,1.7,ns,5.1728332,mW,0
all_versions,power_20_mixed,V6,1.7,1.7,ns,5.4609733,mW,0
all_versions,power_20_mixed,V4,1.7,1.7,ns,5.4673305,mW,0
all_versions,power_20_mixed,V5,1.7,1.7,ns,5.470393,mW,0
all_versions,power_20_mixed,V0,1.25,1.72,ns,5.091001,mW,1
all_versions,power_20_mixed,V0,1.05,1.72,ns,5.1125681,mW,0
all_versions,power_20_mixed,V0,1.2,1.75,ns,5.038349,mW,1
all_versions,power_20_mixed,V0,1.0,1.76,ns,5.0187521,mW,1
all_versions,power_20_mixed,V0,1.35,1.77,ns,4.9731401,mW,1
all_versions,power_20_mixed,V0,1.55,1.78,ns,4.9297346,mW,1
all_versions,power_20_mixed,V0,1.3,1.78,ns,4.9326676,mW,0
all_versions,power_20_mixed,V1,1.8,1.8,ns,4.8378016,mW,1
all_versions,power_20_mixed,V7,1.8,1.8,ns,4.8465178,mW,0
all_versions,power_20_mixed,V2,1.8,1.8,ns,4.8752893,mW,0
all_versions,power_20_mixed,V3,1.8,1.8,ns,4.8780976,mW,0
all_versions,power_20_mixed,V6,1.8,1.8,ns,5.1636992,mW,0
all_versions,power_20_mixed,V5,1.8,1.8,ns,5.1781889,mW,0
all_versions,power_20_mixed,V4,1.8,1.8,ns,5.1899328,mW,0
all_versions,power_20_mixed,V0,1.4,1.81,ns,4.8840796,mW,0
all_versions,power_20_mixed,V0,1.1,1.81,ns,4.9133467,mW,0
all_versions,power_20_mixed,V0,1.5,1.82,ns,4.8390396,mW,0
all_versions,power_20_mixed,V0,1.45,1.83,ns,4.8194686,mW,1
all_versions,power_20_mixed,V0,1.7,1.84,ns,4.7695128,mW,1
all_versions,power_20_mixed,V0,1.8,1.85,ns,4.7465803,mW,1
all_versions,power_20_mixed,V0,1.6,1.87,ns,4.7066141,mW,1
all_versions,power_20_mixed,V1,1.9,1.9,ns,4.6092289,mW,1
all_versions,power_20_mixed,V7,1.9,1.9,ns,4.6226018,mW,0
all_versions,power_20_mixed,V3,1.9,1.9,ns,4.6266204,mW,0
all_versions,power_20_mixed,V2,1.9,1.9,ns,4.635638,mW,0
all_versions,power_20_mixed,V6,1.9,1.9,ns,4.9162481,mW,0
all_versions,power_20_mixed,V5,1.9,1.9,ns,4.9171937,mW,0
all_versions,power_20_mixed,V4,1.9,1.9,ns,4.9264271,mW,0
all_versions,power_20_mixed,V0,1.9,1.93,ns,4.5619989,mW,1
all_versions,power_20_mixed,V1,2.0,2.0,ns,4.387611,mW,1
all_versions,power_20_mixed,V0,2.0,2.0,ns,4.3942579,mW,0
all_versions,power_20_mixed,V2,2.0,2.0,ns,4.4030603,mW,0
all_versions,power_20_mixed,V7,2.0,2.0,ns,4.4108177,mW,0
all_versions,power_20_mixed,V3,2.0,2.0,ns,4.4437704,mW,0
all_versions,power_20_mixed,V6,2.0,2.0,ns,4.6841726,mW,0
all_versions,power_20_mixed,V4,2.0,2.0,ns,4.6959518,mW,0
all_versions,power_20_mixed,V5,2.0,2.0,ns,4.7054936,mW,0
all_versions,power_20_mixed,V5,2.5,2.49,ns,3.8351997,mW,1
all_versions,power_20_mixed,V0,2.5,2.5,ns,3.5547343,mW,1
all_versions,power_20_mixed,V1,2.5,2.5,ns,3.56755,mW,0
all_versions,power_20_mixed,V7,2.5,2.5,ns,3.5944342,mW,0
all_versions,power_20_mixed,V3,2.5,2.5,ns,3.5950554,mW,0
all_versions,power_20_mixed,V2,2.5,2.5,ns,3.5954204,mW,0
all_versions,power_20_mixed,V6,2.5,2.5,ns,3.8192265,mW,0
all_versions,power_20_mixed,V4,2.5,2.5,ns,3.8262397,mW,0
all_versions,power_20_mixed,V0,3.0,3.0,ns,3.0339301,mW,1
all_versions,power_20_mixed,V1,3.0,3.0,ns,3.0548697,mW,0
all_versions,power_20_mixed,V7,3.0,3.0,ns,3.0595946,mW,0
all_versions,power_20_mixed,V3,3.0,3.0,ns,3.0709982,mW,0
all_versions,power_20_mixed,V2,3.0,3.0,ns,3.0723978,mW,0
all_versions,power_20_mixed,V5,3.0,3.0,ns,3.2473029,mW,0
all_versions,power_20_mixed,V4,3.0,3.0,ns,3.253834,mW,0
all_versions,power_20_mixed,V6,3.0,3.0,ns,3.2579017,mW,0
all_versions,power_20_mixed,V0,3.5,3.5,ns,2.6581029,mW,1
all_versions,power_20_mixed,V1,3.5,3.5,ns,2.6682526,mW,0
all_versions,power_20_mixed,V2,3.5,3.5,ns,2.6831582,mW,0
all_versions,power_20_mixed,V7,3.5,3.5,ns,2.688904,mW,0
all_versions,power_20_mixed,V3,3.5,3.5,ns,2.6918381,mW,0
all_versions,power_20_mixed,V6,3.5,3.5,ns,2.854336,mW,0
all_versions,power_20_mixed,V4,3.5,3.5,ns,2.8551512,mW,0
all_versions,power_20_mixed,V5,3.5,3.5,ns,2.855392,mW,0
all_versions,power_20_mixed,V1,4.0,3.78,ns,2.5028907,mW,1
all_versions,power_20_mixed,V4,4.0,3.81,ns,2.6548413,mW,0
all_versions,power_20_mixed,V3,4.0,3.97,ns,2.4272938,mW,1
all_versions,power_20_mixed,V0,4.0,3.98,ns,2.3940993,mW,1
all_versions,power_20_mixed,V7,4.0,3.98,ns,2.4220927,mW,0
all_versions,power_20_mixed,V2,4.0,3.99,ns,2.4106179,mW,0
all_versions,power_20_mixed,V5,4.0,3.99,ns,2.5536813,mW,0
all_versions,power_20_mixed,V6,4.0,3.99,ns,2.5587368,mW,0
