step,metric,unit,constraints,improved_count,regressed_count,min_delta,median_delta,max_delta
V0->V1,achieved_ns,ns,13,13,0,-0.2526,-0.1493,-0.0226
V0->V1,area_um2,um2,13,11,2,-597.96797,-172.899981,347.129979
V0->V1,total_mW_08_multiplier,mW,13,0,13,0.237084,1.136071,2.306365
V0->V1,total_mW_20_power_bench,mW,13,0,13,0.095319,0.857159,1.376308
V0->V1,total_mW_24_mac_loops,mW,13,0,13,0.055015,1.065736,1.678143
V0->V1,energy_nJ_08_multiplier,nJ,13,1,12,-0.011237,0.01244,0.060595
V0->V1,energy_nJ_20_power_bench,nJ,13,5,8,-0.930249,0.161674,0.987614
V0->V1,energy_nJ_24_mac_loops,nJ,13,3,10,-1.476705,0.946732,1.936687
V1->V2,achieved_ns,ns,13,9,4,-0.1177,-0.021,0.1
V1->V2,area_um2,um2,13,2,11,-109.326028,310.156,633.079988
V1->V2,total_mW_08_multiplier,mW,13,3,10,-0.7504,0.3832,1.3081
V1->V2,total_mW_20_power_bench,mW,13,2,11,-0.60121,0.26922,1.07057
V1->V2,total_mW_24_mac_loops,mW,13,3,10,-0.7074,0.3046,1.2346
V1->V2,energy_nJ_08_multiplier,nJ,13,2,11,-0.006056,0.016468,0.048748
V1->V2,energy_nJ_20_power_bench,nJ,13,1,12,-0.11228,0.702253,1.614276
V1->V2,energy_nJ_24_mac_loops,nJ,13,1,12,-0.074923,0.999637,2.948898
V2->V3,achieved_ns,ns,13,9,4,-0.1843,-0.0237,0.0388
V2->V3,area_um2,um2,13,11,2,-589.455959,-301.643981,369.474019
V2->V3,total_mW_08_multiplier,mW,13,5,8,-0.5817,0.1106,1.475
V2->V3,total_mW_20_power_bench,mW,13,6,7,-0.52963,0.09197,1.34002
V2->V3,total_mW_24_mac_loops,mW,13,5,8,-0.5937,0.1197,1.4712
V2->V3,energy_nJ_08_multiplier,nJ,13,6,7,-0.027443,0.001305,0.037469
V2->V3,energy_nJ_20_power_bench,nJ,13,10,3,-1.10982,-0.305068,0.684999
V2->V3,energy_nJ_24_mac_loops,nJ,13,10,3,-1.878406,-0.74589,1.494968
V3->V4,achieved_ns,ns,13,7,6,-0.0443,-0.002,0.0712
V3->V4,area_um2,um2,13,4,9,-460.445985,148.428002,619.513971
V3->V4,total_mW_08_multiplier,mW,13,2,11,-0.3821,0.3604,0.5509
V3->V4,total_mW_20_power_bench,mW,13,2,11,-0.20866,0.19346,0.4809
V3->V4,total_mW_24_mac_loops,mW,13,3,10,-0.4173,0.175,0.4379
V3->V4,energy_nJ_08_multiplier,nJ,13,0,13,0.00812,0.033162,0.051109
V3->V4,energy_nJ_20_power_bench,nJ,13,0,13,0.1052,1.06213,1.434179
V3->V4,energy_nJ_24_mac_loops,nJ,13,2,11,-0.413826,1.139521,2.546159
V4->V5,achieved_ns,ns,13,8,5,-0.089,-0.0125,0.1018
V4->V5,area_um2,um2,13,6,7,-763.685981,34.845997,879.395958
V4->V5,total_mW_08_multiplier,mW,13,6,7,-1.081,0.0489,1.0612
V4->V5,total_mW_20_power_bench,mW,13,5,8,-0.67397,0.12524,0.92979
V4->V5,total_mW_24_mac_loops,mW,13,5,8,-0.693,0.0689,1.1341
V4->V5,energy_nJ_08_multiplier,nJ,13,4,9,-0.037642,0.008161,0.032865
V4->V5,energy_nJ_20_power_bench,nJ,13,4,9,-0.418567,0.289317,1.330646
V4->V5,energy_nJ_24_mac_loops,nJ,13,6,7,-0.787305,0.238147,2.853955
V5->V6,achieved_ns,ns,13,9,4,-0.134,-0.0133,0.0645
V5->V6,area_um2,um2,13,10,3,-434.909973,-121.561992,727.243981
V5->V6,total_mW_08_multiplier,mW,13,6,7,-0.5659,0.0515,1.0936
V5->V6,total_mW_20_power_bench,mW,13,5,8,-0.2615,0.09722,0.96639
V5->V6,total_mW_24_mac_loops,mW,13,5,8,-0.3528,0.1201,1.1387
V5->V6,energy_nJ_08_multiplier,nJ,13,8,5,-0.050589,-0.002177,0.032987
V5->V6,energy_nJ_20_power_bench,nJ,13,6,7,-1.029342,0.000535,0.694086
V5->V6,energy_nJ_24_mac_loops,nJ,13,7,6,-1.785899,-0.024447,1.566541
V6->V7,achieved_ns,ns,13,2,11,-0.0699,0.016,0.0959
V6->V7,area_um2,um2,13,7,6,-708.889976,-21.280001,588.657971
V6->V7,total_mW_08_multiplier,mW,13,11,2,-1.4138,-0.5745,0.2427
V6->V7,total_mW_20_power_bench,mW,13,11,2,-1.15829,-0.45065,0.20527
V6->V7,total_mW_24_mac_loops,mW,13,11,2,-1.1386,-0.4217,0.281
V6->V7,energy_nJ_08_multiplier,nJ,13,13,0,-0.065011,-0.035929,-0.016814
V6->V7,energy_nJ_20_power_bench,nJ,13,13,0,-1.908165,-1.304899,-0.45124
V6->V7,energy_nJ_24_mac_loops,nJ,13,13,0,-2.917501,-1.687247,-0.425776
