version,metric,unit,constraints,tuned_better_count,plain_better_count,ties,min_tuned_minus_plain,median_tuned_minus_plain,max_tuned_minus_plain
V0,achieved_ns,ns,13,7,6,0,-0.1508,-0.0276,0.0571
V0,area_um2,um2,13,2,11,0,-119.700032,181.145939,496.355983
V1,achieved_ns,ns,13,8,5,0,-0.1545,-0.0378,0.0291
V1,area_um2,um2,13,6,7,0,-462.041931,41.496001,438.368041
V2,achieved_ns,ns,13,12,1,0,-0.1504,-0.0861,0.0202
V2,area_um2,um2,13,1,12,0,-396.340014,300.845988,529.339997
V3,achieved_ns,ns,13,11,2,0,-0.1281,-0.0415,0.0273
V3,area_um2,um2,13,6,7,0,-326.115972,54.530012,629.887991
V4,achieved_ns,ns,13,10,3,0,-0.0959,-0.0345,0.0388
V4,area_um2,um2,13,8,5,0,-693.195973,-188.327963,295.260005
V5,achieved_ns,ns,13,7,6,0,-0.1248,-0.0088,0.0891
V5,area_um2,um2,13,5,8,0,-331.170023,23.939993,514.443956
V6,achieved_ns,ns,13,7,6,0,-0.0692,-0.0051,0.0669
V6,area_um2,um2,13,5,8,0,-641.591987,66.766006,384.901967
V7,achieved_ns,ns,13,7,6,0,-0.1523,-0.0031,0.0499
V7,area_um2,um2,13,7,6,0,-558.333999,-22.34399,455.658007
