test,mode,status,evidence
01_alu_rtype,ff,pass,alu_rtype_dmem_rtl.txt
02_alu_immediate,ff,pass,alu_immediate_dmem_rtl.txt
03_set_compare,ff,pass,set_compare_dmem_rtl.txt
04_r0_source,ff,pass,r0_source_dmem_rtl.txt
05_r0_writeback,ff,pass,r0_writeback_dmem_rtl.txt
06_forwarding,ff,pass,forwarding_dmem_rtl.txt
07_load_use,ff,pass,load_use_dmem_rtl.txt
07_load_use,fs,pass,load_use_dmem_rtl_fs.txt
08_multiplier,ff,pass,multiplier_dmem_rtl.txt
09_mult_parallel,ff,pass,mult_parallel_dmem_rtl.txt
10_branches,ff,pass,branches_dmem_rtl.txt
11_btb_predictor,ff,pass,btb_predictor_dmem_rtl.txt
11_btb_predictor,cf,xfail,btb_predictor_dmem_rtl_cf.txt
12_memory_access,ff,pass,memory_access_dmem_rtl.txt
12_memory_access,fs,pass,memory_access_dmem_rtl_fs.txt
13_exceptions_min,ff,pass,exceptions_min_dmem_rtl.txt
14_exceptions_full,ff,pass,exceptions_full_dmem_rtl.txt
15_smoke_crosscheck,ff,pass,smoke_crosscheck_dmem_rtl.txt
15_smoke_crosscheck,fs,pass,smoke_crosscheck_dmem_rtl_fs.txt
15_smoke_crosscheck,cf,pass,smoke_crosscheck_dmem_rtl_cf.txt
15_smoke_crosscheck,cs,pass,smoke_crosscheck_dmem_rtl_cs.txt
16_jal_return,ff,pass,jal_return_dmem_rtl.txt
16_jal_return,cf,xfail,jal_return_dmem_rtl_cf.txt
17_given_branch_loop,ff,pass,given_branch_loop_dmem_rtl.txt
17_given_branch_loop,fs,pass,given_branch_loop_dmem_rtl_fs.txt
18_given_mult_shift,ff,pass,given_mult_shift_dmem_rtl.txt
19_given_all_general,ff,skip,no archived RTL result; program does not terminate
20_power_bench,ff,pass,power_bench_dmem_rtl.txt
21_store_subword,ff,pass,store_subword_dmem_rtl.txt
21_store_subword,fs,pass,store_subword_dmem_rtl_fs.txt
22_branch_operand_hazard,ff,pass,branch_operand_hazard_dmem_rtl.txt
23_misaligned_jump_repeat,ff,pass,misaligned_jump_repeat_dmem_rtl.txt
