tag,test,verdict,note,cycles
1p0,01_alu_rtype,PASS,"",70
1p0,02_alu_immediate,PASS,"",60
1p0,03_set_compare,PASS,"",101
1p0,04_r0_source,PASS,"",9
1p0,05_r0_writeback,PASS,"",8
1p0,06_forwarding,PASS,"",56
1p0,07_load_use,PASS,"",48
1p0,08_multiplier,PASS,"",79
1p0,09_mult_parallel,PASS,"",78
1p0,10_branches,PASS,"",173
1p0,11_btb_predictor,PASS,"",379
1p0,12_memory_access,PASS,"",59
1p0,13_exceptions_min,PASS,"",180
1p0,14_exceptions_full,PASS,"",365
1p0,15_smoke_crosscheck,PASS,"",15
1p0,16_jal_return,PASS,"",11
1p0,17_given_branch_loop,PASS,"",707
1p0,18_given_mult_shift,PASS,"",35
1p0,19_given_all_general,PASS,"",115
1p0,20_power_bench,PASS,"",2819
1p0,21_store_subword,PASS,"",76
1p0,22_branch_operand_hazard,PASS,"",73
1p0,23_misaligned_jump_repeat,PASS,"",78
1p0,24_mac_loops,PASS,"",4283
1p1,01_alu_rtype,PASS,"",70
1p1,02_alu_immediate,PASS,"",60
1p1,03_set_compare,PASS,"",101
1p1,04_r0_source,PASS,"",9
1p1,05_r0_writeback,PASS,"",8
1p1,06_forwarding,PASS,"",56
1p1,07_load_use,PASS,"",48
1p1,08_multiplier,PASS,"",79
1p1,09_mult_parallel,PASS,"",78
1p1,10_branches,PASS,"",173
1p1,11_btb_predictor,PASS,"",379
1p1,12_memory_access,PASS,"",59
1p1,13_exceptions_min,PASS,"",180
1p1,14_exceptions_full,PASS,"",365
1p1,15_smoke_crosscheck,PASS,"",15
1p1,16_jal_return,PASS,"",11
1p1,17_given_branch_loop,PASS,"",707
1p1,18_given_mult_shift,PASS,"",35
1p1,19_given_all_general,PASS,"",115
1p1,20_power_bench,PASS,"",2819
1p1,21_store_subword,PASS,"",76
1p1,22_branch_operand_hazard,PASS,"",73
1p1,23_misaligned_jump_repeat,PASS,"",78
1p1,24_mac_loops,PASS,"",4283
1p2,01_alu_rtype,PASS,"",70
1p2,02_alu_immediate,PASS,"",60
1p2,03_set_compare,PASS,"",101
1p2,04_r0_source,PASS,"",9
1p2,05_r0_writeback,PASS,"",8
1p2,06_forwarding,PASS,"",56
1p2,07_load_use,PASS,"",48
1p2,08_multiplier,PASS,"",79
1p2,09_mult_parallel,PASS,"",78
1p2,10_branches,PASS,"",173
1p2,11_btb_predictor,PASS,"",379
1p2,12_memory_access,PASS,"",59
1p2,13_exceptions_min,PASS,"",180
1p2,14_exceptions_full,PASS,"",365
1p2,15_smoke_crosscheck,PASS,"",15
1p2,16_jal_return,PASS,"",11
1p2,17_given_branch_loop,PASS,"",707
1p2,18_given_mult_shift,PASS,"",35
1p2,19_given_all_general,PASS,"",115
1p2,20_power_bench,PASS,"",2819
1p2,21_store_subword,PASS,"",76
1p2,22_branch_operand_hazard,PASS,"",73
1p2,23_misaligned_jump_repeat,PASS,"",78
1p2,24_mac_loops,PASS,"",4283
1p3,01_alu_rtype,PASS,"",70
1p3,02_alu_immediate,PASS,"",60
1p3,03_set_compare,PASS,"",101
1p3,04_r0_source,PASS,"",9
1p3,05_r0_writeback,PASS,"",8
1p3,06_forwarding,PASS,"",56
1p3,07_load_use,PASS,"",48
1p3,08_multiplier,PASS,"",79
1p3,09_mult_parallel,PASS,"",78
1p3,10_branches,PASS,"",173
1p3,11_btb_predictor,PASS,"",379
1p3,12_memory_access,PASS,"",59
1p3,13_exceptions_min,PASS,"",180
1p3,14_exceptions_full,PASS,"",365
1p3,15_smoke_crosscheck,PASS,"",15
1p3,16_jal_return,PASS,"",11
1p3,17_given_branch_loop,PASS,"",707
1p3,18_given_mult_shift,PASS,"",35
1p3,19_given_all_general,PASS,"",115
1p3,20_power_bench,PASS,"",2819
1p3,21_store_subword,PASS,"",76
1p3,22_branch_operand_hazard,PASS,"",73
1p3,23_misaligned_jump_repeat,PASS,"",78
1p3,24_mac_loops,PASS,"",4283
1p4,01_alu_rtype,PASS,"",70
1p4,02_alu_immediate,PASS,"",60
1p4,03_set_compare,PASS,"",101
1p4,04_r0_source,PASS,"",9
1p4,05_r0_writeback,PASS,"",8
1p4,06_forwarding,PASS,"",56
1p4,07_load_use,PASS,"",48
1p4,08_multiplier,PASS,"",79
1p4,09_mult_parallel,PASS,"",78
1p4,10_branches,PASS,"",173
1p4,11_btb_predictor,PASS,"",379
1p4,12_memory_access,PASS,"",59
1p4,13_exceptions_min,PASS,"",180
1p4,14_exceptions_full,PASS,"",365
1p4,15_smoke_crosscheck,PASS,"",15
1p4,16_jal_return,PASS,"",11
1p4,17_given_branch_loop,PASS,"",707
1p4,18_given_mult_shift,PASS,"",35
1p4,19_given_all_general,PASS,"",115
1p4,20_power_bench,PASS,"",2819
1p4,21_store_subword,PASS,"",76
1p4,22_branch_operand_hazard,PASS,"",73
1p4,23_misaligned_jump_repeat,PASS,"",78
1p4,24_mac_loops,PASS,"",4283
1p5,01_alu_rtype,PASS,"",70
1p5,02_alu_immediate,PASS,"",60
1p5,03_set_compare,PASS,"",101
1p5,04_r0_source,PASS,"",9
1p5,05_r0_writeback,PASS,"",8
1p5,06_forwarding,PASS,"",56
1p5,07_load_use,PASS,"",48
1p5,08_multiplier,PASS,"",79
1p5,09_mult_parallel,PASS,"",78
1p5,10_branches,PASS,"",173
1p5,11_btb_predictor,PASS,"",379
1p5,12_memory_access,PASS,"",59
1p5,13_exceptions_min,PASS,"",180
1p5,14_exceptions_full,PASS,"",365
1p5,15_smoke_crosscheck,PASS,"",15
1p5,16_jal_return,PASS,"",11
1p5,17_given_branch_loop,PASS,"",707
1p5,18_given_mult_shift,PASS,"",35
1p5,19_given_all_general,PASS,"",115
1p5,20_power_bench,PASS,"",2819
1p5,21_store_subword,PASS,"",76
1p5,22_branch_operand_hazard,PASS,"",73
1p5,23_misaligned_jump_repeat,PASS,"",78
1p5,24_mac_loops,PASS,"",4283
1p6,01_alu_rtype,PASS,"",70
1p6,02_alu_immediate,PASS,"",60
1p6,03_set_compare,PASS,"",101
1p6,04_r0_source,PASS,"",9
1p6,05_r0_writeback,PASS,"",8
1p6,06_forwarding,PASS,"",56
1p6,07_load_use,PASS,"",48
1p6,08_multiplier,PASS,"",79
1p6,09_mult_parallel,PASS,"",78
1p6,10_branches,PASS,"",173
1p6,11_btb_predictor,PASS,"",379
1p6,12_memory_access,PASS,"",59
1p6,13_exceptions_min,PASS,"",180
1p6,14_exceptions_full,PASS,"",365
1p6,15_smoke_crosscheck,PASS,"",15
1p6,16_jal_return,PASS,"",11
1p6,17_given_branch_loop,PASS,"",707
1p6,18_given_mult_shift,PASS,"",35
1p6,19_given_all_general,PASS,"",115
1p6,20_power_bench,PASS,"",2819
1p6,21_store_subword,PASS,"",76
1p6,22_branch_operand_hazard,PASS,"",73
1p6,23_misaligned_jump_repeat,PASS,"",78
1p6,24_mac_loops,PASS,"",4283
1p7,01_alu_rtype,PASS,"",70
1p7,02_alu_immediate,PASS,"",60
1p7,03_set_compare,PASS,"",101
1p7,04_r0_source,PASS,"",9
1p7,05_r0_writeback,PASS,"",8
1p7,06_forwarding,PASS,"",56
1p7,07_load_use,PASS,"",48
1p7,08_multiplier,PASS,"",79
1p7,09_mult_parallel,PASS,"",78
1p7,10_branches,PASS,"",173
1p7,11_btb_predictor,PASS,"",379
1p7,12_memory_access,PASS,"",59
1p7,13_exceptions_min,PASS,"",180
1p7,14_exceptions_full,PASS,"",365
1p7,15_smoke_crosscheck,PASS,"",15
1p7,16_jal_return,PASS,"",11
1p7,17_given_branch_loop,PASS,"",707
1p7,18_given_mult_shift,PASS,"",35
1p7,19_given_all_general,PASS,"",115
1p7,20_power_bench,PASS,"",2819
1p7,21_store_subword,PASS,"",76
1p7,22_branch_operand_hazard,PASS,"",73
1p7,23_misaligned_jump_repeat,PASS,"",78
1p7,24_mac_loops,PASS,"",4283
1p8,01_alu_rtype,PASS,"",70
1p8,02_alu_immediate,PASS,"",60
1p8,03_set_compare,PASS,"",101
1p8,04_r0_source,PASS,"",9
1p8,05_r0_writeback,PASS,"",8
1p8,06_forwarding,PASS,"",56
1p8,07_load_use,PASS,"",48
1p8,08_multiplier,PASS,"",79
1p8,09_mult_parallel,PASS,"",78
1p8,10_branches,PASS,"",173
1p8,11_btb_predictor,PASS,"",379
1p8,12_memory_access,PASS,"",59
1p8,13_exceptions_min,PASS,"",180
1p8,14_exceptions_full,PASS,"",365
1p8,15_smoke_crosscheck,PASS,"",15
1p8,16_jal_return,PASS,"",11
1p8,17_given_branch_loop,PASS,"",707
1p8,18_given_mult_shift,PASS,"",35
1p8,19_given_all_general,PASS,"",115
1p8,20_power_bench,PASS,"",2819
1p8,21_store_subword,PASS,"",76
1p8,22_branch_operand_hazard,PASS,"",73
1p8,23_misaligned_jump_repeat,PASS,"",78
1p8,24_mac_loops,PASS,"",4283
1p9,01_alu_rtype,PASS,"",70
1p9,02_alu_immediate,PASS,"",60
1p9,03_set_compare,PASS,"",101
1p9,04_r0_source,PASS,"",9
1p9,05_r0_writeback,PASS,"",8
1p9,06_forwarding,PASS,"",56
1p9,07_load_use,PASS,"",48
1p9,08_multiplier,PASS,"",79
1p9,09_mult_parallel,PASS,"",78
1p9,10_branches,PASS,"",173
1p9,11_btb_predictor,PASS,"",379
1p9,12_memory_access,PASS,"",59
1p9,13_exceptions_min,PASS,"",180
1p9,14_exceptions_full,PASS,"",365
1p9,15_smoke_crosscheck,PASS,"",15
1p9,16_jal_return,PASS,"",11
1p9,17_given_branch_loop,PASS,"",707
1p9,18_given_mult_shift,PASS,"",35
1p9,19_given_all_general,PASS,"",115
1p9,20_power_bench,PASS,"",2819
1p9,21_store_subword,PASS,"",76
1p9,22_branch_operand_hazard,PASS,"",73
1p9,23_misaligned_jump_repeat,PASS,"",78
1p9,24_mac_loops,PASS,"",4283
2p0,01_alu_rtype,PASS,"",70
2p0,02_alu_immediate,PASS,"",60
2p0,03_set_compare,PASS,"",101
2p0,04_r0_source,PASS,"",9
2p0,05_r0_writeback,PASS,"",8
2p0,06_forwarding,PASS,"",56
2p0,07_load_use,PASS,"",48
2p0,08_multiplier,PASS,"",79
2p0,09_mult_parallel,PASS,"",78
2p0,10_branches,PASS,"",173
2p0,11_btb_predictor,PASS,"",379
2p0,12_memory_access,PASS,"",59
2p0,13_exceptions_min,PASS,"",180
2p0,14_exceptions_full,PASS,"",365
2p0,15_smoke_crosscheck,PASS,"",15
2p0,16_jal_return,PASS,"",11
2p0,17_given_branch_loop,PASS,"",707
2p0,18_given_mult_shift,PASS,"",35
2p0,19_given_all_general,PASS,"",115
2p0,20_power_bench,PASS,"",2819
2p0,21_store_subword,PASS,"",76
2p0,22_branch_operand_hazard,PASS,"",73
2p0,23_misaligned_jump_repeat,PASS,"",78
2p0,24_mac_loops,PASS,"",4283
2p5,01_alu_rtype,PASS,"",70
2p5,02_alu_immediate,PASS,"",60
2p5,03_set_compare,PASS,"",101
2p5,04_r0_source,PASS,"",9
2p5,05_r0_writeback,PASS,"",8
2p5,06_forwarding,PASS,"",56
2p5,07_load_use,PASS,"",48
2p5,08_multiplier,PASS,"",79
2p5,09_mult_parallel,PASS,"",78
2p5,10_branches,PASS,"",173
2p5,11_btb_predictor,PASS,"",379
2p5,12_memory_access,PASS,"",59
2p5,13_exceptions_min,PASS,"",180
2p5,14_exceptions_full,PASS,"",365
2p5,15_smoke_crosscheck,PASS,"",15
2p5,16_jal_return,PASS,"",11
2p5,17_given_branch_loop,PASS,"",707
2p5,18_given_mult_shift,PASS,"",35
2p5,19_given_all_general,PASS,"",115
2p5,20_power_bench,PASS,"",2819
2p5,21_store_subword,PASS,"",76
2p5,22_branch_operand_hazard,PASS,"",73
2p5,23_misaligned_jump_repeat,PASS,"",78
2p5,24_mac_loops,PASS,"",4283
3p0,01_alu_rtype,PASS,"",70
3p0,02_alu_immediate,PASS,"",60
3p0,03_set_compare,PASS,"",101
3p0,04_r0_source,PASS,"",9
3p0,05_r0_writeback,PASS,"",8
3p0,06_forwarding,PASS,"",56
3p0,07_load_use,PASS,"",48
3p0,08_multiplier,PASS,"",79
3p0,09_mult_parallel,PASS,"",78
3p0,10_branches,PASS,"",173
3p0,11_btb_predictor,PASS,"",379
3p0,12_memory_access,PASS,"",59
3p0,13_exceptions_min,PASS,"",180
3p0,14_exceptions_full,PASS,"",365
3p0,15_smoke_crosscheck,PASS,"",15
3p0,16_jal_return,PASS,"",11
3p0,17_given_branch_loop,PASS,"",707
3p0,18_given_mult_shift,PASS,"",35
3p0,19_given_all_general,PASS,"",115
3p0,20_power_bench,PASS,"",2819
3p0,21_store_subword,PASS,"",76
3p0,22_branch_operand_hazard,PASS,"",73
3p0,23_misaligned_jump_repeat,PASS,"",78
3p0,24_mac_loops,PASS,"",4283
3p5,01_alu_rtype,PASS,"",70
3p5,02_alu_immediate,PASS,"",60
3p5,03_set_compare,PASS,"",101
3p5,04_r0_source,PASS,"",9
3p5,05_r0_writeback,PASS,"",8
3p5,06_forwarding,PASS,"",56
3p5,07_load_use,PASS,"",48
3p5,08_multiplier,PASS,"",79
3p5,09_mult_parallel,PASS,"",78
3p5,10_branches,PASS,"",173
3p5,11_btb_predictor,PASS,"",379
3p5,12_memory_access,PASS,"",59
3p5,13_exceptions_min,PASS,"",180
3p5,14_exceptions_full,PASS,"",365
3p5,15_smoke_crosscheck,PASS,"",15
3p5,16_jal_return,PASS,"",11
3p5,17_given_branch_loop,PASS,"",707
3p5,18_given_mult_shift,PASS,"",35
3p5,19_given_all_general,PASS,"",115
3p5,20_power_bench,PASS,"",2819
3p5,21_store_subword,PASS,"",76
3p5,22_branch_operand_hazard,PASS,"",73
3p5,23_misaligned_jump_repeat,PASS,"",78
3p5,24_mac_loops,PASS,"",4283
4p0,01_alu_rtype,PASS,"",70
4p0,02_alu_immediate,PASS,"",60
4p0,03_set_compare,PASS,"",101
4p0,04_r0_source,PASS,"",9
4p0,05_r0_writeback,PASS,"",8
4p0,06_forwarding,PASS,"",56
4p0,07_load_use,PASS,"",48
4p0,08_multiplier,PASS,"",79
4p0,09_mult_parallel,PASS,"",78
4p0,10_branches,PASS,"",173
4p0,11_btb_predictor,PASS,"",379
4p0,12_memory_access,PASS,"",59
4p0,13_exceptions_min,PASS,"",180
4p0,14_exceptions_full,PASS,"",365
4p0,15_smoke_crosscheck,PASS,"",15
4p0,16_jal_return,PASS,"",11
4p0,17_given_branch_loop,PASS,"",707
4p0,18_given_mult_shift,PASS,"",35
4p0,19_given_all_general,PASS,"",115
4p0,20_power_bench,PASS,"",2819
4p0,21_store_subword,PASS,"",76
4p0,22_branch_operand_hazard,PASS,"",73
4p0,23_misaligned_jump_repeat,PASS,"",78
4p0,24_mac_loops,PASS,"",4283
1p05,01_alu_rtype,PASS,"",70
1p05,02_alu_immediate,PASS,"",60
1p05,03_set_compare,PASS,"",101
1p05,04_r0_source,PASS,"",9
1p05,05_r0_writeback,PASS,"",8
1p05,06_forwarding,PASS,"",56
1p05,07_load_use,PASS,"",48
1p05,08_multiplier,PASS,"",79
1p05,09_mult_parallel,PASS,"",78
1p05,10_branches,PASS,"",173
1p05,11_btb_predictor,PASS,"",379
1p05,12_memory_access,PASS,"",59
1p05,13_exceptions_min,PASS,"",180
1p05,14_exceptions_full,PASS,"",365
1p05,15_smoke_crosscheck,PASS,"",15
1p05,16_jal_return,PASS,"",11
1p05,17_given_branch_loop,PASS,"",707
1p05,18_given_mult_shift,PASS,"",35
1p05,19_given_all_general,PASS,"",115
1p05,20_power_bench,PASS,"",2819
1p05,21_store_subword,PASS,"",76
1p05,22_branch_operand_hazard,PASS,"",73
1p05,23_misaligned_jump_repeat,PASS,"",78
1p05,24_mac_loops,PASS,"",4283
1p15,01_alu_rtype,PASS,"",70
1p15,02_alu_immediate,PASS,"",60
1p15,03_set_compare,PASS,"",101
1p15,04_r0_source,PASS,"",9
1p15,05_r0_writeback,PASS,"",8
1p15,06_forwarding,PASS,"",56
1p15,07_load_use,PASS,"",48
1p15,08_multiplier,PASS,"",79
1p15,09_mult_parallel,PASS,"",78
1p15,10_branches,PASS,"",173
1p15,11_btb_predictor,PASS,"",379
1p15,12_memory_access,PASS,"",59
1p15,13_exceptions_min,PASS,"",180
1p15,14_exceptions_full,PASS,"",365
1p15,15_smoke_crosscheck,PASS,"",15
1p15,16_jal_return,PASS,"",11
1p15,17_given_branch_loop,PASS,"",707
1p15,18_given_mult_shift,PASS,"",35
1p15,19_given_all_general,PASS,"",115
1p15,20_power_bench,PASS,"",2819
1p15,21_store_subword,PASS,"",76
1p15,22_branch_operand_hazard,PASS,"",73
1p15,23_misaligned_jump_repeat,PASS,"",78
1p15,24_mac_loops,PASS,"",4283
1p25,01_alu_rtype,PASS,"",70
1p25,02_alu_immediate,PASS,"",60
1p25,03_set_compare,PASS,"",101
1p25,04_r0_source,PASS,"",9
1p25,05_r0_writeback,PASS,"",8
1p25,06_forwarding,PASS,"",56
1p25,07_load_use,PASS,"",48
1p25,08_multiplier,PASS,"",79
1p25,09_mult_parallel,PASS,"",78
1p25,10_branches,PASS,"",173
1p25,11_btb_predictor,PASS,"",379
1p25,12_memory_access,PASS,"",59
1p25,13_exceptions_min,PASS,"",180
1p25,14_exceptions_full,PASS,"",365
1p25,15_smoke_crosscheck,PASS,"",15
1p25,16_jal_return,PASS,"",11
1p25,17_given_branch_loop,PASS,"",707
1p25,18_given_mult_shift,PASS,"",35
1p25,19_given_all_general,PASS,"",115
1p25,20_power_bench,PASS,"",2819
1p25,21_store_subword,PASS,"",76
1p25,22_branch_operand_hazard,PASS,"",73
1p25,23_misaligned_jump_repeat,PASS,"",78
1p25,24_mac_loops,PASS,"",4283
1p35,01_alu_rtype,PASS,"",70
1p35,02_alu_immediate,PASS,"",60
1p35,03_set_compare,PASS,"",101
1p35,04_r0_source,PASS,"",9
1p35,05_r0_writeback,PASS,"",8
1p35,06_forwarding,PASS,"",56
1p35,07_load_use,PASS,"",48
1p35,08_multiplier,PASS,"",79
1p35,09_mult_parallel,PASS,"",78
1p35,10_branches,PASS,"",173
1p35,11_btb_predictor,PASS,"",379
1p35,12_memory_access,PASS,"",59
1p35,13_exceptions_min,PASS,"",180
1p35,14_exceptions_full,PASS,"",365
1p35,15_smoke_crosscheck,PASS,"",15
1p35,16_jal_return,PASS,"",11
1p35,17_given_branch_loop,PASS,"",707
1p35,18_given_mult_shift,PASS,"",35
1p35,19_given_all_general,PASS,"",115
1p35,20_power_bench,PASS,"",2819
1p35,21_store_subword,PASS,"",76
1p35,22_branch_operand_hazard,PASS,"",73
1p35,23_misaligned_jump_repeat,PASS,"",78
1p35,24_mac_loops,PASS,"",4283
1p45,01_alu_rtype,PASS,"",70
1p45,02_alu_immediate,PASS,"",60
1p45,03_set_compare,PASS,"",101
1p45,04_r0_source,PASS,"",9
1p45,05_r0_writeback,PASS,"",8
1p45,06_forwarding,PASS,"",56
1p45,07_load_use,PASS,"",48
1p45,08_multiplier,PASS,"",79
1p45,09_mult_parallel,PASS,"",78
1p45,10_branches,PASS,"",173
1p45,11_btb_predictor,PASS,"",379
1p45,12_memory_access,PASS,"",59
1p45,13_exceptions_min,PASS,"",180
1p45,14_exceptions_full,PASS,"",365
1p45,15_smoke_crosscheck,PASS,"",15
1p45,16_jal_return,PASS,"",11
1p45,17_given_branch_loop,PASS,"",707
1p45,18_given_mult_shift,PASS,"",35
1p45,19_given_all_general,PASS,"",115
1p45,20_power_bench,PASS,"",2819
1p45,21_store_subword,PASS,"",76
1p45,22_branch_operand_hazard,PASS,"",73
1p45,23_misaligned_jump_repeat,PASS,"",78
1p45,24_mac_loops,PASS,"",4283
1p55,01_alu_rtype,PASS,"",70
1p55,02_alu_immediate,PASS,"",60
1p55,03_set_compare,PASS,"",101
1p55,04_r0_source,PASS,"",9
1p55,05_r0_writeback,PASS,"",8
1p55,06_forwarding,PASS,"",56
1p55,07_load_use,PASS,"",48
1p55,08_multiplier,PASS,"",79
1p55,09_mult_parallel,PASS,"",78
1p55,10_branches,PASS,"",173
1p55,11_btb_predictor,PASS,"",379
1p55,12_memory_access,PASS,"",59
1p55,13_exceptions_min,PASS,"",180
1p55,14_exceptions_full,PASS,"",365
1p55,15_smoke_crosscheck,PASS,"",15
1p55,16_jal_return,PASS,"",11
1p55,17_given_branch_loop,PASS,"",707
1p55,18_given_mult_shift,PASS,"",35
1p55,19_given_all_general,PASS,"",115
1p55,20_power_bench,PASS,"",2819
1p55,21_store_subword,PASS,"",76
1p55,22_branch_operand_hazard,PASS,"",73
1p55,23_misaligned_jump_repeat,PASS,"",78
1p55,24_mac_loops,PASS,"",4283
